Date,GSP,Temp,Wind_Speed,Precip_Amount,Chill,Solar_Rad,Humidity,Cloud_Cover,,Demand
01/04/2014,F,7.33958141,2.03125,0.219479108,21.79009755,392.0833333,97.29166667,7.095833063,,864.062
02/04/2014,F,5.251040459,3.229166667,0.01916666,41.06457361,125.4166667,100,7.783332984,,882.8143
03/04/2014,F,5.842706839,3.604166667,0.068749977,43.9150931,134.5833333,100,7.960416476,,891.3996
04/04/2014,F,7.18333141,2.34375,0.032187488,24.40468136,180.4166667,98.58333333,6.991666277,,862.8675
05/04/2014,F,9.519789139,2.145833333,0.077499974,16.85103703,295,92.83333333,6.520833333,,867.4235
06/04/2014,F,12.70624669,4.052083333,0.041249987,20.46718121,390.4166667,85.59375,6.068749905,,817.7664
07/04/2014,F,7.246873061,2.697916667,0.167916624,28.59270207,202.0833333,95.84375,6.008333206,,786.2222
08/04/2014,F,7.130206426,6.854166667,0.067499981,72.97342078,761.25,82.36458333,4.0625,,776.1907
09/04/2014,F,9.019789139,5.416666667,0.017499994,48.38957373,257.5,86.80208333,7.3125,,783.6413
10/04/2014,F,8.92603906,4.697916667,0,40.92238458,597.9166667,82.60416667,6.622916659,,746.4504
11/04/2014,F,6.687498172,3.75,0.00833333,38.60988903,686.25,81.40625,4.533333063,,726.6183
12/04/2014,F,8.312497775,5.65625,0.002083333,52.84634336,321.6666667,75.4375,5.916666667,,788.3115
13/04/2014,F,7.704164902,7.5,0.00125,75.50207011,460.8333333,77.78125,5.581249952,,823.2831
14/04/2014,F,7.763539553,4.895833333,0,50.59842714,791.6666667,69.89583333,2.94999977,,732.0289
15/04/2014,F,7.683330985,1.6875,0,13.45051797,915.4166667,70.32291667,3.658332904,,691.6538
16/04/2014,F,9.488539139,2.9375,0,23.39842971,717.9166667,66.85416667,4.604166468,,671.1993
17/04/2014,F,9.212497473,5.875,0.009166663,49.30936337,417.5,69.66666667,5.522916635,,696.526
18/04/2014,F,5.89999815,2.239583333,0,26.35989078,935.4166667,68.54166667,3.820832809,,746.992
19/04/2014,F,5.428123334,2.645833333,0,29.16145102,816.6666667,80.96875,4.131249587,,720.4735
20/04/2014,F,7.846872171,5.135416667,0.00125,48.18384171,546.6666667,87.32291667,6.958333333,,745.3922
21/04/2014,F,9.722913742,5.6875,0.0009375,47.12863572,666.25,85.5625,6.79583327,,733.6943
22/04/2014,F,8.372913917,4.0625,0.101666638,39.20780404,135.4166667,98.77083333,7.781249762,,693.5586
23/04/2014,F,11.72499673,2.645833333,0.033749988,14.80624684,617.5,84.54166667,5.687499841,,641.5323
24/04/2014,F,9.773955663,2.177083333,0.155833294,16.61145433,733.3333333,89.77083333,6.214583317,,626.7931
25/04/2014,F,7.689581315,3.364583333,0.379999899,34.25155656,137.5,100,7.854166587,,668.4083
26/04/2014,F,9.542705377,3.520833333,0.21249998,28.89322313,417.0833333,93.70833333,6.041666587,,686.8145
27/04/2014,F,8.456247568,3.0625,0.244999941,29.18072367,172.5,99.33333333,7.758333206,,746.3662
28/04/2014,F,10.15624698,1.427083333,0.123333298,10.98020569,445.8333333,95.875,7.208333333,,661.8992
29/04/2014,F,10.49478896,1.885416667,0,11.73281018,771.25,93.20833333,6.491666317,,611.5506
30/04/2014,F,8.543747346,2.770833333,0.062916644,24.9874951,330.8333333,99.45833333,7.677083095,,615.7749
01/05/2014,F,6.109373569,4.541666667,0.552916501,54.00988674,144.1666667,98.70833333,7.785416603,,686.3854
02/05/2014,F,6.42187353,3.489583333,0.025312491,38.85624282,872.9166667,76.16666667,5.172916611,,672.0944
03/05/2014,F,6.259373198,1.572916667,0,17.51561904,712.0833333,75.85416667,6.039583007,,640.9534
04/05/2014,F,11.10416381,3.135416667,0.01791666,17.48541244,586.25,84.92708333,7.416666667,,632.1209
05/05/2014,F,11.74687195,2.34375,0.017812496,12.96145558,590.4166667,76.52083333,6.604166667,,564.8733
06/05/2014,F,11.30520503,3.510416667,0.225416585,21.1427048,868.75,79.79166667,5.760416587,,552.5747
07/05/2014,F,9.186455091,4.072916667,0.199583277,34.29947106,514.5833333,87.73958333,6.145833333,,575.3054
08/05/2014,F,10.17395512,3.979166667,0.078854141,32.2354099,495.8333333,89.33333333,6.583333333,,566.0757
09/05/2014,F,9.885413806,5.375,0.125104128,41.16301441,726.25,88.94791667,5.833333333,,565.6754
10/05/2014,F,9.844788631,2.90625,0.629166505,22.61093338,670,92.27083333,6.8125,,577.9072
11/05/2014,F,9.155206203,3.40625,0.188437472,29.08020322,648.75,88.10416667,6.520833333,,608.9733
12/05/2014,F,8.038539171,2.15625,0.109687472,20.72343238,502.0833333,88.94791667,7.433333238,,576.5932
13/05/2014,F,8.902081331,1.84375,0.153645813,15.65520485,827.9166667,82.48958333,5.441666603,,563.1079
14/05/2014,F,10.35520498,2.875,0.006249998,18.89061964,852.5,78.27083333,5.122916579,,536.3694
15/05/2014,F,12.57083035,3.697916667,0.025416658,19.48020538,549.5833333,85.59375,5.8125,,516.8432
16/05/2014,F,13.92916218,3.03125,0.00833333,10.27239422,987.0833333,79.39583333,4.981249531,,473.0985
17/05/2014,F,14.76041301,3.302083333,0,11.24687246,1057.083333,60.16666667,5.554166635,,444.9791
18/05/2014,F,15.58645376,3.052083333,0.000104167,9.244267945,1013.333333,67.33333333,6.352083206,,465.6308
19/05/2014,F,14.03853798,2.802083333,0.0003125,7.142186006,1030.833333,78.58333333,4.733332674,,460.8196
20/05/2014,F,11.8031222,2.739583333,0.000833333,16.89999628,404.5833333,93.39583333,6.693749269,,488.5993
21/05/2014,F,13.64791266,2.71875,0.000520833,10.16666426,1140.416667,70.34375,4.239582817,,441.0272
22/05/2014,F,8.813539346,2.520833333,0.644583243,22.53905741,292.9166667,92.51041667,6.939583222,,493.8762
23/05/2014,F,7.607289791,5.145833333,0.060520811,53.03904915,214.5833333,95.80208333,7.6875,,540.0077
24/05/2014,F,9.613538742,5.572916667,0.307395745,46.52811368,212.0833333,99.16666667,7.79374973,,557.8246
25/05/2014,F,11.33958038,2.677083333,0.112083306,17.40989248,742.5,89.39583333,7.020833333,,538.2827
26/05/2014,F,13.53957907,2.604166667,0.007083331,10.51353977,1037.5,77.02083333,5.4979165,,475.314
27/05/2014,F,12.05103827,2.677083333,0.003437499,13.22030918,559.5833333,84.85416667,6.229166627,,470.6162
28/05/2014,F,10.38958057,4.354166667,0.469166517,32.90103626,177.0833333,99.27083333,7.4375,,500.6308
29/05/2014,F,10.07187223,3.9375,0.067499976,30.40780481,359.5833333,87.21875,7.145833333,,513.5172
30/05/2014,F,10.97812208,1.697916667,0,11.62343478,503.75,75.38541667,7.5,,495.715
31/05/2014,F,11.66249728,2.09375,0,11.34166364,857.9166667,82.55208333,5.427083095,,459.5432
01/06/2014,F,13.92812125,1.645833333,0.00833333,6.695311125,697.9166667,84.72916667,5.679166595,,440.4731
02/06/2014,F,13.87812138,1.302083333,0.405312375,5.409894208,531.6666667,92.22916667,7.395833333,,423.2066
03/06/2014,F,13.1114556,2.177083333,0.032916655,9.55051891,569.5833333,84.85416667,7.0625,,439.9479
04/06/2014,F,11.09791342,2.416666667,0.334895751,15.99478714,317.9166667,96.8125,6.916666667,,461.0098
05/06/2014,F,12.01770512,3.729166667,0.009999997,20.50207949,450.4166667,91.5,7.020833333,,452.9426
06/06/2014,F,13.65624619,3.427083333,0,17.72395487,1139.166667,75.75,3.841666301,,414.0876
07/06/2014,F,12.16666301,3.072916667,0.592083161,16.43645509,413.75,90.38541667,5.366666436,,429.2113
08/06/2014,F,14.60520442,1.697916667,0.01947916,4.467707008,921.6666667,82.625,5.662499905,,398.4106
09/06/2014,F,14.39791234,2.302083333,0.051249984,6.477081399,772.5,85.91666667,6.320833325,,375.0049
10/06/2014,F,14.7395792,2.291666667,0.210520783,5.688540841,881.6666667,81.40625,4.908333302,,369.9477
11/06/2014,F,14.89478731,3.59375,0.0003125,7.191143955,1159.166667,77.55208333,4.508333047,,365.284
12/06/2014,F,14.97603639,3.84375,0,9.00156037,882.0833333,79.1875,4.289583127,,357.2642
13/06/2014,F,15.46353706,2.739583333,0,6.348956848,422.5,83.71875,7.625,,372.0021
14/06/2014,F,15.16041342,2.479166667,0.004583332,6.708852306,672.9166667,89.48958333,7.041666667,,382.9301
15/06/2014,F,13.07812166,2.25,0.024166658,10.78020557,417.0833333,91.07291667,7.666666667,,421.1988
16/06/2014,F,13.13124641,2.666666667,0,9.988018195,820.4166667,82.26041667,6.410416563,,409.2306
17/06/2014,F,15.10937087,2.083333333,0.01791666,5.208332221,599.1666667,89.86458333,7.354166667,,389.5674
18/06/2014,F,17.43541177,2.020833333,0.02541666,1.488020482,1013.75,84.20833333,5.156249841,,364.1781
19/06/2014,F,14.44374577,2.708333333,0,9.138539712,922.5,80.16666667,6.208333333,,369.709
20/06/2014,F,14.09999577,1.958333333,0,5.468227675,1078.333333,78.95833333,5.856249968,,362.8692
21/06/2014,F,14.0031209,2.083333333,0,7.757810647,698.3333333,79.90625,7.114583095,,358.8492
22/06/2014,F,15.26874526,1.791666667,0,3.801040426,683.3333333,77.69791667,7.145833333,,362.4508
23/06/2014,F,14.63853804,2.0625,0.093749966,5.822915162,627.5757576,90.25,7,,356.9589
24/06/2014,F,12.95833031,2.864583333,0.017499994,13.10624711,571.8181818,89.55681818,5.787499984,,387.9591
25/06/2014,F,12.21353912,2.21875,0,10.60051823,906.6666667,75.26041667,6.229166587,,377.4892
26/06/2014,F,13.00832955,2.583333333,0,11.32916387,898.3333333,71.77083333,6.070833127,,382.206
27/06/2014,F,12.08020496,2.791666667,0,15.29114167,471.25,72.39583333,7.331249952,,391.9781
28/06/2014,F,11.4468716,2.583333333,0.012187496,16.03489192,630.4166667,81.34375,7.0625,,398.1744
29/06/2014,F,11.40728839,2.770833333,0.012812496,17.04999574,707.5,80.85416667,6.5625,,412.05
30/06/2014,F,12.39478874,1.833333333,0,8.404163996,902.5,76.875,6.679166635,,390.4913
01/07/2014,F,14.2999951,2.291666667,0.000729167,6.325519438,1072.083333,72.32291667,5.558333158,,377.7194
02/07/2014,F,15.00832876,3.0625,0.000833333,5.992185781,700,74.40625,3.924999873,,355.1588
03/07/2014,F,15.65728649,3.239583333,0.017812494,6.632810786,733.75,79.13541667,5.833333333,,355.8104
04/07/2014,F,15.76353788,3.0625,0.299166614,6.370310883,462.0833333,86.89583333,7.041666667,,365.1903
05/07/2014,F,13.59270477,3.364583333,0.58593737,12.48333033,875,80.5,5.643749833,,383.387
06/07/2014,F,11.59791374,1.697916667,0.017499994,9.606768131,599.5833333,84.30208333,5.739583174,,398.919
07/07/2014,F,13.42187039,2.197916667,0.034583324,7.274997925,867.5,79.92708333,3.633333286,,384.8494
08/07/2014,F,13.17082946,2.333333333,0.051562482,9.688018481,582.0833333,91.53125,5.872916659,,403.4523
09/07/2014,F,14.91353734,3.333333333,0,9.778643678,1192.916667,75.40625,4.045832793,,365.3936
10/07/2014,F,13.99062157,2.895833333,0,10.32395654,1101.666667,80.13541667,4.272916098,,368.0981
11/07/2014,F,15.99687115,1.833333333,0,3.733853439,906.25,79.36458333,5.470833302,,347.416
12/07/2014,F,17.90728664,1.541666667,0.029999994,2.696874405,908.75,77.17708333,5.327083309,,325.6494
13/07/2014,F,16.59582806,2.84375,0.191145787,3.938540349,528.3333333,87.79166667,6.958333333,,383.2147
14/07/2014,F,14.59582806,2.822916667,0.02718749,9.318748653,727.5,83.26041667,4.797916651,,372.3665
15/07/2014,F,14.98020379,3.979166667,0.000833333,12.31770576,1055,76.625,4.302083254,,377.3649
16/07/2014,F,15.00207822,2.291666667,0.069166648,6.008852712,643.75,84.17708333,5.095833262,,379.5631
17/07/2014,F,16.79999463,2.40625,0,4.627082179,956.25,77.61458333,3.712499658,,362.7437
18/07/2014,F,16.4927036,4.447916667,0,5.522394905,748.3333333,81.875,4.716666619,,365.0229
19/07/2014,F,17.24895159,2.09375,0.117916637,2.032291168,400.4166667,94.30208333,6.691666603,,314.353
20/07/2014,F,18.21145296,2.375,0.00833333,2.132291069,630,86.02083333,5.866666476,,345.4471
21/07/2014,F,16.97916238,2.541666667,0,4.889061332,923.75,80.5,4.72916623,,344.1567
22/07/2014,F,17.6729118,2.510416667,0,4.115103443,1065.833333,76.02083333,4.468749324,,327.1399
23/07/2014,F,16.32707898,2.53125,0,4.077082351,789.1666667,86.55208333,6.560416619,,344.1812
24/07/2014,F,17.17916123,2.333333333,0,3.397915403,1057.083333,82.41666667,6.433333158,,338.2146
25/07/2014,F,17.91874552,2,0,2.538020054,1066.666667,77.16666667,5.329166253,,331.121
26/07/2014,F,19.19582796,2.4375,0.01708333,3.611457415,1020.416667,71.6875,4.552083015,,310.4995
27/07/2014,F,15.18645414,4.40625,0.317499951,11.31718532,699.1666667,81.79166667,5.097916563,,335.016
28/07/2014,F,15.31770356,1.78125,0,4.35937347,1069.583333,76,3.529166381,,328.1348
29/07/2014,F,15.31041082,4.041666667,0.000833333,8.250519296,686.25,79.98958333,5.227083286,,334.6323
30/07/2014,F,15.6885368,5.677083333,0.000833333,12.34895568,749.5833333,79.60416667,4.395833333,,339.2831
31/07/2014,F,15.89374606,2.9375,0.00958333,4.523436407,642.9166667,79.52083333,5.533333302,,342.5527
01/08/2014,F,14.77187173,1.864583333,0.718333154,5.796352545,380.4166667,89.20833333,6.354166667,,352.6124
02/08/2014,F,15.26145363,2.416666667,0.451666557,5.174998822,372.5,95.13541667,7.133333206,,318.5998
03/08/2014,F,14.21874523,3.145833333,0.050520818,9.079164445,601.25,84.5625,5.145833174,,332.4035
04/08/2014,F,14.26145458,3.364583333,0.000520833,9.680727442,836.25,75.36458333,4.691666524,,344.0666
05/08/2014,F,14.34791207,2.46875,0,26.77239005,895.4166667,75.97916667,3.885416468,,329.4369
06/08/2014,F,16.86457825,2.9375,0.817499705,5.348436167,644.5833333,86.66666667,5.152083198,,335.275
07/08/2014,F,14.9520793,3.708333333,0,10.95781015,945.8333333,71.61458333,2.739583015,,326.9266
08/08/2014,F,13.90103769,2.541666667,0.125833286,6.028644279,582.5,85.375,5.25,,335.0456
09/08/2014,F,14.57082891,4.385416667,0.008749997,12.56406009,803.3333333,79.16666667,4.814583242,,314.2684
10/08/2014,F,13.27083047,3.21875,0.189062449,15.29478812,282.5,90.75,6.854166667,,346.3579
11/08/2014,F,13.2145799,8.520833333,0.101979136,40.70051559,810.8333333,79.59375,4.529166659,,351.2128
12/08/2014,F,12.96666336,4.90625,0.030104156,23.88020325,705,81.8125,6.3125,,346.5406
13/08/2014,F,14.84062036,5.708333333,0.060729159,17.10728737,849.1666667,79.36458333,5.8125,,339.0888
14/08/2014,F,13.31874641,3.010416667,0.227812431,14.54374683,505,88.53125,6.9375,,340.2559
15/08/2014,F,12.90728855,2.1875,0.001666666,10.46197645,563.75,82.27083333,5.916666667,,336.4724
16/08/2014,F,12.88749727,5.572916667,0.028333326,26.13541158,378.75,82.65625,7.166666667,,328.4883
17/08/2014,F,12.59791342,7.802083333,0.026041658,39.31769943,882.5,80.33333333,5.5,,338.8569
18/08/2014,F,12.09270541,3.552083333,0.081458318,20.04843314,723.75,75.91666667,5.5625,,350.4711
19/08/2014,F,10.68437195,3.104166667,0.016874994,22.01613951,615.8333333,76.21875,5.293749928,,349.5006
20/08/2014,F,11.35624735,3.010416667,0.00125,17.63801606,636.6666667,72.48958333,6.583333333,,349.49
21/08/2014,F,11.22916301,3.5,0.143333284,21.12551498,406.25,83.39583333,6.625,,363.8803
22/08/2014,F,10.53228911,2.791666667,0.080833316,18.57655787,710.4166667,80.40625,6.145833333,,358.4311
23/08/2014,F,9.603121758,2.072916667,0.493749846,17.20207906,593.3333333,87.96875,6.354166667,,331.0768
24/08/2014,F,10.47395635,2.510416667,0,17.46510077,607.9166667,76.07291667,4.677083254,,340.0293
25/08/2014,F,11.18749706,3.510416667,0,16.58333023,475,84.38541667,6.220833143,,332.8853
26/08/2014,F,12.15208101,4,0,21.57655859,679.5833333,78.5,5.620833317,,349.9594
27/08/2014,F,12.02603849,2.9375,0,14.00051737,618.3333333,82.60416667,5.754166643,,355.3959
28/08/2014,F,15.30103811,3.135416667,0.025833324,9.756247163,598.3333333,77.89583333,4.887499928,,348.5211
29/08/2014,F,14.76978715,3.46875,0.128749966,10.38645552,567.0833333,77.83333333,5.479166587,,355.1596
30/08/2014,F,14.47187153,6.15625,0.024999991,19.44322592,761.25,74.79166667,4.910416643,,333.6155
31/08/2014,F,14.14999564,3.947916667,0.004166665,17.18020659,702.5,75.91666667,4.297916571,,352.5599
01/09/2014,F,13.61666377,2.135416667,0.117499967,8.374998132,412.5,83.90625,7.291666667,,395.6053
02/09/2014,F,13.02916257,2.239583333,0,10.21458019,803.3333333,80.46875,5.083332777,,362.3034
03/09/2014,F,15.38957882,1.916666667,0,3.585415582,486.6666667,79.98958333,7.429166635,,359.1137
04/09/2014,F,16.49166171,2.25,0,3.630207387,653.75,80.07291667,5.472916444,,348.1035
05/09/2014,F,15.02603769,1.916666667,0.218749918,6.106769284,617.0833333,87.67708333,6.858333111,,329.532
06/09/2014,F,12.723955,1.875,0.257083241,9.465622862,329.5833333,88.125,6.479166667,,368.9303
07/09/2014,F,12.13124657,2.708333333,0.00833333,14.30468416,645.8333333,80.58333333,4.683333238,,393.7808
08/09/2014,F,11.029164,2.239583333,0,15.43228789,534.1666667,81.20833333,6.741666476,,406.2713
09/09/2014,F,12.10833017,1.625,0,7.518227458,623.3333333,83.76041667,5.564583222,,396.6097
10/09/2014,F,12.78541295,1.84375,0,7.35364379,652.5,87.27083333,5.399999777,,395.8747
11/09/2014,F,12.94895538,1.875,0.00833333,8.452081531,600.4166667,85.34375,5.883332968,,400.2249
12/09/2014,F,12.82603772,1.5,0,5.770831796,680,82.40625,3.937499801,,380.5135
13/09/2014,F,12.76666268,1.833333333,0,7.648435677,626.6666667,81.19791667,4.079166532,,372.4068
14/09/2014,F,12.99374676,3.4375,0.009166664,15.85572529,197.9166667,89.25,7.270833333,,424.9032
15/09/2014,F,13.66666381,3.270833333,0.151354135,14.48749622,119.5833333,98.02083333,7.568749905,,439.8241
16/09/2014,F,14.0854133,2.09375,0.009062497,7.712497791,318.3333333,93.45833333,7.375,,428.4627
17/09/2014,F,14.04478788,1.979166667,0.000416667,7.035935601,202.5,92.1875,7.902083317,,435.3959
18/09/2014,F,14.63958025,2.75,0.033854154,9.018748045,173.3333333,98.375,7.745833079,,433.5265
19/09/2014,F,13.81874736,1.822916667,0.02937499,7.669790149,110,97.07291667,8,,442.8646
20/09/2014,F,12.30833054,1.760416667,0.02718749,9.71718502,159.1666667,94.40625,7.035416643,,469.0253
21/09/2014,F,10.00312241,1.989583333,0.00864583,15.19582963,327.0833333,86.5625,5.085416516,,478.3747
22/09/2014,F,11.15624738,3.354166667,0,17.46614194,515,84.55208333,5.520833333,,460.44
23/09/2014,F,11.86978833,2.291666667,0.052499983,14.0598921,166.6666667,90.94791667,6.445833286,,467.5981
24/09/2014,F,11.89166371,3.208333333,0.109062463,19.50207893,492.9166667,81.8125,6.262499968,,465.8374
25/09/2014,F,13.63541269,5.40625,0.000520833,18.90468248,300.4166667,85.79166667,6.495833238,,462.3486
26/09/2014,F,13.68124636,5.40625,0.000729167,18.8213501,569.5833333,72.21875,4.268749873,,444.021
27/09/2014,F,11.43020527,2.197916667,0,12.71926761,380.4166667,79.69791667,4.76249977,,461.9519
28/09/2014,F,14.48020426,1.708333333,0,5.370310818,292.9166667,82.51041667,6.875,,471.9402
29/09/2014,F,13.69374545,1.458333333,0,5.951040171,470.8333333,87.19791667,5.314583103,,453.7122
30/09/2014,F,14.40207942,1.895833333,0.002187499,5.031248679,390,82.125,4.945833047,,430.9661
01/10/2014,F,13.15728966,3.145833333,0.008229164,12.24947707,311.25,82.34375,4.352082968,,448.769
02/10/2014,F,9.403122902,2.385416667,0,17.89166347,527.0833333,75.08333333,3.518749595,,464.8771
03/10/2014,F,15.52812036,3.645833333,0.002083333,8.460414807,270.8333333,73.8125,5.1875,,464.5754
04/10/2014,F,10.11770527,3.875,0.307083242,28.75520404,220.4166667,87.89583333,5.57708323,,541.8537
05/10/2014,F,8.763539195,2.8125,0,21.88437017,424.5833333,82.11458333,4.306249738,,552.7126
06/10/2014,F,9.20416379,4.1875,0.376666587,37.200514,69.58333333,88.11458333,7.5625,,603.4702
07/10/2014,F,7.647914767,3.489583333,0.00958333,33.02134689,390.4166667,85.13541667,5.229166309,,579.9807
08/10/2014,F,9.306247155,2.375,0.135833306,20.08593059,255.8333333,86.28125,4.564583103,,592.8681
09/10/2014,F,9.809371789,2.802083333,0.100416643,22.61926365,190.4166667,91.45833333,5.9375,,596.366
10/10/2014,F,10.12395573,2.208333333,0.009166663,16.5135378,385.4166667,84.67708333,5.09374996,,566.3396
11/10/2014,F,7.804164608,1.479166667,0.008749997,14.02343448,365.4166667,91.48958333,3.820833166,,611.5014
12/10/2014,F,8.122914712,2.010416667,0.018749993,18.73332898,372.9166667,89.33333333,3.839583039,,617.9108
13/10/2014,F,8.727080584,5.052083333,0,41.80311473,236.6666667,88.92708333,5.583333333,,632.204
14/10/2014,F,9.595830441,5.59375,0.009687497,46.24165599,107.5,83.32291667,7.34375,,645.4199
15/10/2014,F,9.166664203,3.145833333,0.000104167,26.85936991,279.5833333,87.89583333,5.8125,,632.6147
16/10/2014,F,10.65728903,3.385416667,0.318229085,24.74322422,92.08333333,97.89583333,7.222916603,,641.4601
17/10/2014,F,12.96562131,2.15625,0.061354151,9.600518525,376.25,90.44791667,5.508333286,,590.6719
18/10/2014,F,15.42916266,3.677083333,0.044895817,9.639060184,242.0833333,83.08333333,5.287499865,,575.3171
19/10/2014,F,13.42395496,5.375,0.094687476,24.16718229,362.5,81.59375,4.21875,,612.1637
20/10/2014,F,10.56874784,3.21875,0.06072915,23.45676613,197.0833333,88.4375,5.395833333,,623.4424
21/10/2014,F,9.141663631,7.697916667,0.076249985,69.01717726,362.0833333,73.48958333,4.629166563,,646.931
22/10/2014,F,8.973956188,5.229166667,0.002916666,46.7031153,126.6666667,84.17708333,5.691666484,,685.1876
23/10/2014,F,12.83124653,3.041666667,0.002499999,16.00051634,176.25,79.83333333,6.993749936,,652.8904
24/10/2014,F,9.669788917,2.583333333,0.007395831,20.90051667,265.4166667,83.10416667,5.191666643,,648.2879
25/10/2014,F,10.50624776,3.53125,0.000520833,24.59010045,236.25,77.57291667,4.277083317,,682.4533
26/10/2014,F,13.07899635,5.06,0.003199999,23.99299469,138.8,73.99,6.18,,755.188
27/10/2014,F,15.2999959,4.270833333,0.002083333,11.38437303,105.8333333,81.1875,6.791666667,,663.1019
28/10/2014,F,12.31978865,3.385416667,0.368333244,16.51301686,132.5,84.97916667,6.270833333,,639.206
29/10/2014,F,5.2333318,1.958333333,0,25.80832767,280.4166667,86.14583333,4.137499531,,722.7682
30/10/2014,F,11.49478873,2.458333333,0.15916662,16.09426693,133.3333333,93.02083333,6.595833302,,712.714
31/10/2014,F,15.36874517,3.1875,0,8.113539318,168.3333333,85.13541667,5.666666627,,648.9884
01/11/2014,F,12.19374688,4.114583333,0.015833328,23.54582866,230.8333333,79.78125,5.874999841,,687.1134
02/11/2014,F,10.08853889,3.03125,0.009062497,23.31561963,221.6666667,78.75,3.124999881,,752.0537
03/11/2014,F,7.398956577,2.354166667,0.017499994,24.3947862,226.6666667,80.10416667,5.489583254,,740.2123
04/11/2014,F,4.568748831,2.427083333,0.238749936,31.08124208,186.6666667,94.65625,5.027083317,,794.5835
05/11/2014,F,4.426040538,2.229166667,0.104999967,29.14843146,179.1666667,90.25,4.141666532,,830.6203
06/11/2014,F,5.115623508,4,0.110416632,48.28124237,82.5,90.27083333,7.122916619,,894.8172
07/11/2014,F,8.533330758,4.125,0.143854129,37.98176209,72.5,93.01041667,6.197916667,,852.7013
08/11/2014,F,7.36874795,2.572916667,0.044166655,26.83541012,97.5,91.19791667,5.508333325,,886.1768
09/11/2014,F,6.945830822,1.604166667,0,18.03489065,171.25,90.69791667,5.9666665,,875.8103
10/11/2014,F,3.794790698,1.510416667,0.008749997,20.67447313,71.25,99.10416667,6.245833238,,884.3699
11/11/2014,F,9.413538853,3.895833333,0.010312497,33.01718012,92.91666667,91.125,7.35833327,,851.4381
12/11/2014,F,9.388538758,3.8125,0.054062481,33.22811826,78.33333333,93.80208333,6.518749913,,828.6993
13/11/2014,F,9.188539108,4.270833333,0.00958333,36.09790802,51.66666667,90.39583333,7.166666667,,831.5205
14/11/2014,F,9.444788774,3.520833333,0.584166527,28.08436823,46.25,96.5,6.424999952,,820.5182
15/11/2014,F,6.846873204,1.65625,0.006249998,18.54530748,80,99.625,7.62291646,,879.8926
16/11/2014,F,4.634373764,1.84375,0.18124996,23.82343133,98.33333333,99.98958333,6.393749714,,925.0808
17/11/2014,F,9.177080631,5.010416667,0.427499874,44.47134654,61.25,98.375,7.166666667,,865.0641
18/11/2014,F,9.099996964,2.947916667,0.042499992,26.12238884,115.4166667,97.54166667,7.041666667,,826.7671
19/11/2014,F,9.008330266,3.15625,0.252812437,28.1833245,84.58333333,97.125,6.708333333,,824.7056
20/11/2014,F,7.2583311,1.4375,0,14.85155869,112.5,97.51041667,6.185416381,,821.1303
21/11/2014,F,6.686456442,2.864583333,0.155416637,31.65884527,62.91666667,96.21875,6.847916524,,858.3262
22/11/2014,F,8.463539282,2.520833333,0.361249951,24.63436755,83.33333333,94.60416667,5.510416667,,880.3814
23/11/2014,F,5.816665411,3.541666667,0,44.04738458,133.75,93.47916667,4.504166563,,915.5351
24/11/2014,F,5.047915181,3.697916667,0.00833333,48.15519778,103.3333333,91.5625,5.052083254,,911.0618
25/11/2014,F,4.052082479,1.53125,0,21.3484327,121.25,94.34375,6.37291654,,928.1805
26/11/2014,F,4.788540165,1.291666667,0.295312428,16.90416177,32.91666667,99.79166667,7.1875,,947.1317
27/11/2014,F,7.252081156,1.885416667,0.086145804,20.01301479,34.16666667,99.96875,7.681249936,,914.7452
28/11/2014,F,7.807289124,2.84375,0.054166647,27.96353404,26.25,99.66666667,7.660416603,,886.9574
29/11/2014,F,8.735413392,2.1875,0.048333316,20.28072468,42.08333333,98.17708333,7.958333333,,903.8605
30/11/2014,F,8.352080584,2.770833333,0.0015625,26.85520283,97.91666667,92.70833333,5.718749921,,886.9468
01/12/2014,F,7.506248077,1.697916667,0.00833333,17.58541266,47.08333333,95.73958333,7.583333333,,859.1972
02/12/2014,F,2.969790913,2.802083333,0.04249999,40.68488503,112.5,88.77083333,3.364583194,,926.8744
03/12/2014,F,0.809374765,2.197916667,0.00833333,37.87342962,134.5833333,96.60416667,3.652082885,,990.9618
04/12/2014,F,0.740624869,1.625,0.068333311,28.41144943,46.66666667,99.53125,6.618749857,,1037.0785
05/12/2014,F,1.785416093,3.21875,0.00833333,50.36040878,110.8333333,93.19791667,4.627083148,,1011.8004
06/12/2014,F,3.034374416,2.604166667,0.055416649,36.52603499,81.66666667,92.625,5.162499815,,1079.377
07/12/2014,F,4.701040328,7.916666667,0.103333296,106.7994591,116.6666667,87.75,4.852083206,,1052.0596
08/12/2014,F,1.8614579,6.302083333,0.008749997,100.1322664,111.25,89.375,2.558333158,,1049.5265
09/12/2014,F,4.349998751,5.15625,0.071249971,60.77498627,42.5,89.6875,6.099999865,,1059.7692
10/12/2014,F,3.964582086,7.927083333,0.158020803,111.1260185,84.58333333,79.39583333,5.454166571,,1050.2079
11/12/2014,F,1.88645787,7.166666667,0.36583324,115.1504962,106.6666667,88.20833333,5.07499969,,1078.4143
12/12/2014,F,1.597916136,4.520833333,0.000833333,72.78644276,116.25,89.19791667,4.9979164,,1076.7262
13/12/2014,F,0.761458088,3.15625,0.019999993,53.78852717,103.75,89.91666667,5.062499642,,1140.1782
14/12/2014,F,5.540623784,4.395833333,0.036666654,54.43905767,51.25,86.89583333,6.418749491,,1081.5269
15/12/2014,F,3.42812403,4.708333333,0.018645827,68.29425875,109.1666667,89.66666667,5.229166667,,1033.8381
16/12/2014,F,3.526040753,4.114583333,0.188333273,59.27498722,116.25,88.16666667,4.987499873,,1045.1486
17/12/2014,F,9.370830218,6.020833333,0.035833321,50.72029781,57.91666667,94.125,6.833333333,,981.4169
18/12/2014,F,10.11458039,7.21875,0.043437486,57.33748341,42.08333333,91.03125,6.302083254,,894.1696
19/12/2014,F,4.620831807,8.947916667,0.111770797,120.0379969,105,83.73958333,3.456249873,,943.5685
20/12/2014,F,5.555206617,8.229166667,0.026249991,102.9036204,109.1666667,85.34375,4.34166654,,1032.1687
21/12/2014,F,9.24687322,6.666666667,0.020833326,51.18905385,37.08333333,86.95833333,7.1875,,998.4303
22/12/2014,F,10.19582971,8.40625,0.295312407,63.95623461,55.41666667,93.5,6.833333333,,929.6365
23/12/2014,F,7.742706299,4.760416667,0.252916593,45.44842625,23.75,97.28125,7.125,,936.1092
24/12/2014,F,4.672915339,7.958333333,0.00989583,106.2025846,121.6666667,86.19791667,3.51249977,,978.2136
25/12/2014,F,2.998957654,3.25,0.009999997,47.38696861,72.5,93.11458333,5.927083254,,1000.5259
26/12/2014,F,0.833333079,1.375,0.025416658,23.64113776,59.16666667,100,6.385416508,,999.5979
27/12/2014,F,0.559374824,2.5,0.135416627,43.86040465,55,97.45833333,5.270833254,,1086.4108
28/12/2014,F,0.146874938,2.302083333,0.143749951,40.51509507,122.9166667,96.5,4.522916158,,1104.9998
29/12/2014,F,-0.043749973,3.270833333,0.016666661,58.06092707,89.58333333,96.23958333,5.931249221,,1114.585
30/12/2014,F,3.644790719,3.895833333,0.00833333,53.56769689,97.08333333,88.5625,4.38541619,,1079.8912
31/12/2014,F,6.507289767,3.614583333,0.00833333,40.2494696,73.75,85.03125,4.712499857,,1049.1468
01/01/2015,F,10.54687182,6.375,0.062187478,45.32342847,48.75,84.75,4.868749936,,977.6738
02/01/2015,F,4.359373768,9.09375,0.159166621,123.108832,113.75,83.10416667,3.106249889,,987.4783
03/01/2015,F,3.361457444,4.510416667,0.00125,61.82498741,69.16666667,85.16666667,4.649999857,,1049.8296
04/01/2015,F,1.379166182,2.65625,0.00833333,42.47342841,134.5833333,88.36458333,4.137499611,,1098.5051
05/01/2015,F,6.302081466,2.447916667,0.00833333,29.02447208,79.58333333,89.29166667,6.447916547,,1028.713
06/01/2015,F,5.205206871,3.541666667,0.01052083,44.73800866,93.75,90.21875,4.962499936,,1008.2816
07/01/2015,F,7.176039676,5.552083333,0.019583326,55.6479009,46.66666667,84.44791667,5.756249905,,1005.7469
08/01/2015,F,5.527081887,5.96875,0.009999997,73.72446124,125.8333333,78.90625,3.529166381,,987.3144
09/01/2015,F,8.380206426,9.1875,0.021666659,83.75544834,71.66666667,80.46875,6.395833333,,979.9871
10/01/2015,F,5.268748661,9.135416667,0.206145765,117.1770566,122.5,86.66666667,4.8125,,1029.6843
11/01/2015,F,3.991665781,8.489583333,0.1108333,119.8833071,65,87.51041667,5.958333333,,1109.2958
12/01/2015,F,5.48437343,7.46875,0.095312473,90.35102145,125.8333333,79,4.431249777,,1016.8983
13/01/2015,F,2.080207873,3.84375,0.053749987,60.98175685,101.25,83.69791667,3.76458327,,1038.7361
14/01/2015,F,1.733332871,5.1875,0.077395817,83.38175265,147.0833333,83.03125,4.34166642,,1085.851
15/01/2015,F,4.680207133,6.9375,0.203333269,92.43696276,120.8333333,80.40625,5.016666373,,1058.2077
16/01/2015,F,1.994790922,7.09375,0.004583332,112.86925,102.0833333,81.86458333,2.612499714,,1087.706
17/01/2015,F,1.134374658,3.71875,0.02906249,62.35467466,114.1666667,91.5625,4.829166571,,1143.7936
18/01/2015,F,0.085416694,3.552083333,0.076666653,63.40467135,51.66666667,90.875,5.918749889,,1197.8851
19/01/2015,F,0.095833313,2.416666667,0.064166647,43.26665608,66.66666667,96.35416667,6.916666667,,1145.9945
20/01/2015,F,-0.236458259,1.489583333,0.018333327,26.97707939,98.75,93.80208333,6.960416476,,1135.4049
21/01/2015,F,0.661458119,2.197916667,0.011249996,38.1104056,54.16666667,93.48958333,7.364583333,,1147.5772
22/01/2015,F,-0.149999964,1.125,0,20.05572335,87.5,93.86458333,6.445833206,,1123.6025
23/01/2015,F,3.216665993,4.135416667,0.002499999,58.64894676,61.66666667,88.46875,6.402083317,,1112.1974
24/01/2015,F,2.730207423,6.333333333,0,96.51300112,198.75,87.96875,3.974999626,,1126.9052
25/01/2015,F,7.002081633,5.322916667,0.050416652,59.55884329,84.16666667,86.29166667,7.1875,,1093.5517
26/01/2015,F,4.618748824,6.020833333,0.05499998,81.44008541,186.6666667,89.25,4.372916261,,1009.2384
27/01/2015,F,5.37499853,5.302083333,0.00125,66.5192585,78.33333333,90.59375,7.283333302,,1013.1362
28/01/2015,F,3.312499071,7.583333333,0.295937412,114.7937158,139.1666667,89.67708333,5.912499984,,1064.7812
29/01/2015,F,-0.233333277,6.8125,0.063333319,123.2270546,157.0833333,92.51041667,5.829166492,,1131.8418
30/01/2015,F,0.018749989,5.4375,0.000833333,95.89372953,214.1666667,88.86458333,4.88749969,,1120.3085
31/01/2015,F,1.902082724,5.802083333,0.085833307,93.45883687,168.3333333,82.17708333,5.291666667,,1162.4405
01/02/2015,F,0.4072916,4.802083333,0.027395824,83.94060834,232.9166667,77.04166667,4.560416579,,1208.7047
02/02/2015,F,-1.104166499,3.447916667,0,65.74998347,159.5833333,79.05208333,4.368749777,,1158.2833
03/02/2015,F,-0.913541475,2.78125,0.010937496,51.73592599,190,88.34375,4.439583043,,1156.1617
04/02/2015,F,0.368749867,3.083333333,0.1261458,54.4859225,155,83.41666667,5.329166651,,1149.621
05/02/2015,F,2.498957659,2.270833333,0.03624999,35.44009654,91.66666667,89.28125,7.375,,1115.8674
06/02/2015,F,2.337499498,1.3125,0.025312491,20.69270325,124.1666667,98.33333333,7.570833206,,1080.6882
07/02/2015,F,0.665624723,2.041666667,0,33.63957596,231.25,95.75,6.047915618,,1098.6735
08/02/2015,F,1.827082821,4.447916667,0.00833333,69.2260259,254.5833333,93.125,5.193749746,,1114.5333
09/02/2015,F,4.702082276,6.65625,0,88.67186101,269.1666667,93.71875,5.354166587,,1029.6666
10/02/2015,F,3.268749063,5.052083333,0.00833333,73.12290192,244.1666667,95.98958333,6.985416571,,1023.4177
11/02/2015,F,2.388540993,2.854166667,0,45.43332243,210.4166667,92.07291667,7.875,,1069.5736
12/02/2015,F,3.635415872,1.8125,0.000833333,25.4005154,129.1666667,88.16666667,7.354166667,,1036.9735
13/02/2015,F,3.492707153,3.822916667,0.0021875,55.84842428,70.41666667,93.78125,7.520833333,,1051.3728
14/02/2015,F,5.640623252,2.572916667,0.006666664,31.6192627,155.4166667,98.90625,7.604166667,,1037.0258
15/02/2015,F,5.249998728,2.885416667,0.000416667,36.98488855,126.25,95.10416667,7.708333333,,1039.8618
16/02/2015,F,4.230206986,4.135416667,0.118333297,56.77550538,132.9166667,91.29166667,5.445833186,,987.2058
17/02/2015,F,3.84583229,4.104166667,0.00833333,56.67342377,229.1666667,83.8125,5.714583198,,999.2766
18/02/2015,F,8.106247425,5.114583333,0.000416667,50.09061559,161.25,79.42708333,6.227083325,,951.3403
19/02/2015,F,6.207290033,4.458333333,0.03499999,50.29217561,174.5833333,81.53125,5.304166516,,936.6173
20/02/2015,F,3.083332678,4.6875,0.00125,69.098423,282.9166667,85.94791667,4.593749921,,970.6698
21/02/2015,F,1.80416615,5.020833333,0.00833333,80.31925265,357.5,86.08333333,3.908333103,,1026.6163
22/02/2015,F,2.619790891,4.072916667,0.124583277,59.49425379,112.0833333,91.19791667,5.741666635,,1117.7433
23/02/2015,F,2.91249911,5.6875,0.129895802,85.25050163,286.6666667,83.44791667,3.347916484,,1046.0061
24/02/2015,F,2.854165932,8.9375,0.119270803,134.780173,350.8333333,87.21875,3.424999833,,1046.0889
25/02/2015,F,5.458331784,2.489583333,0.024999991,30.61874119,233.3333333,87.67708333,6.508333206,,991.2127
26/02/2015,F,6.07291472,5.229166667,0.226666603,63.50310802,264.5833333,84.95833333,5.04583319,,956.3873
27/02/2015,F,3.668749054,5.145833333,0,75.09529781,318.75,80.38541667,5.143749913,,966.7782
28/02/2015,F,7.30833149,4.864583333,0.024999991,51.51509126,182.5,82.23958333,6.958333333,,976.9865
01/03/2015,F,4.612498661,8.09375,0.041666652,107.8208097,296.25,77.39583333,4.804166595,,1029.4353
02/03/2015,F,2.069791069,7.041666667,0.016666661,110.3307076,275.4166667,83.45833333,2.754166603,,1003.8281
03/03/2015,F,2.413540993,6.239583333,0.033333321,95.11820221,375.8333333,79,3.031249841,,1022.0216
04/03/2015,F,4.393748641,6.40625,0.027083326,87.48591709,422.0833333,79.35416667,3.420833031,,993.7869
05/03/2015,F,7.201039791,5.020833333,0,51.77446683,223.3333333,75.65625,5.875,,944.4634
06/03/2015,F,7.701039712,5.041666667,0.002083333,51.64113617,247.5,74.34375,7.06041646,,902.0352
07/03/2015,F,8.844788551,6.333333333,0.013333331,58.30259387,192.0833333,83.89583333,7.270833333,,918.5223
08/03/2015,F,6.929164513,5.895833333,0.02541666,59.54269091,361.25,76.96875,4.283333262,,932.3604
09/03/2015,F,4.660415595,4.510416667,0.008333332,52.19269466,177.0833333,77.61458333,5.752083063,,937.9808
10/03/2015,F,5.073956802,4.677083333,0,57.4411308,491.25,77.39583333,3.781249841,,906.5113
11/03/2015,F,3.885415596,3.875,0.014583329,49.95623716,275.4166667,82.26041667,4.893749555,,940.936
12/03/2015,F,5.397914921,3.0625,0.067083318,34.78957494,224.1666667,88.23958333,6.32499973,,927.6306
13/03/2015,F,3.689582388,2.65625,0.750416431,37.05936623,185.8333333,98.73958333,7.229166667,,949.0317
14/03/2015,F,2.8916658,3.1875,0.00833333,47.35155328,269.1666667,78.44791667,7.454166571,,988.8766
15/03/2015,F,4.451040511,3.34375,0.000104167,43.81509225,489.1666667,90.07291667,7.5,,990.479
16/03/2015,F,4.429165403,2.864583333,0.053333314,38.66092777,160.4166667,97.15625,6.854166667,,952.9662
17/03/2015,F,4.337498983,1.59375,0.009999997,21.21718343,167.5,94.63541667,7.125,,942.7759
18/03/2015,F,5.066665173,1.447916667,0,18.60572449,250,89.92708333,6.970833262,,923.994
19/03/2015,F,5.508331876,1.4375,0.006249998,17.09166185,467.0833333,79.36458333,6.124999523,,867.0361
20/03/2015,F,7.583331068,4.875,0.000833333,48.19998773,377.9166667,79.26041667,6.335416635,,822.4914
21/03/2015,F,4.12395726,3.010416667,0.00125,39.44061597,261.25,78.82291667,7.012499809,,894.2369
22/03/2015,F,3.770832643,2.65625,0.00833333,31.50988928,587.9166667,81.70833333,5.391665816,,893.7257
23/03/2015,F,6.511456514,4.375,0,47.06561311,374.5833333,79.79166667,4.868749817,,845.0361
24/03/2015,F,2.944790925,2.9375,0.067916649,42.18905052,449.1666667,87.83333333,4.658333103,,857.126
25/03/2015,F,2.572915984,1.75,0.00833333,24.23488871,384.5833333,87.0625,4.618749822,,885.468
26/03/2015,F,4.686456859,5.989583333,0.144583302,72.37967189,282.9166667,84.875,6.945833206,,896.1978
27/03/2015,F,4.24687397,3.479166667,0.00833333,45.50155417,496.6666667,77.02083333,5.062499444,,868.1533
28/03/2015,F,7.402081033,5.75,0.249999932,54.49373738,407.0833333,86.58333333,5.5625,,826.8362
29/03/2015,F,5.773911352,7.445652174,0.185978184,91.78150011,304.3478261,87.52173913,5.293478012,,889.4167
30/03/2015,F,4.561457058,6.864583333,0.197499954,93.44372431,412.0833333,82.40625,4.54374969,,874.2977
31/03/2015,F,4.509373685,10.21875,0.136770793,136.8807004,333.3333333,81.57291667,4.827083071,,884.4816
01/04/2015,F,3.92499878,7.8125,0.01791666,109.6890297,475.4166667,84.3125,4.756249388,,866.7025
02/04/2015,F,4.255207036,3.03125,0.00833333,42.41249021,592.5,74.9375,5.839582682,,818.6043
03/04/2015,F,5.169790347,2.03125,0.177395791,26.68436877,204.1666667,94.51041667,7.245833317,,861.5175
04/04/2015,F,7.761456331,1.822916667,0.000416667,18.02551659,282.5,86.76041667,7.145833333,,863.9955
05/04/2015,F,9.715622663,2.447916667,0,20.12187016,695,87.77083333,4.820832968,,781.1531
06/04/2015,F,9.589581052,3.239583333,0.00833333,28.28488788,668.75,84.42708333,6.070832888,,715.1231
07/04/2015,F,7.972914338,3.333333333,0,30.17759752,597.5,85.65625,5.068749905,,663.5269
08/04/2015,F,8.098956347,1.791666667,0,16.24114227,660,80.75,5.068749507,,653.0593
09/04/2015,F,9.503122409,2.239583333,0.00833333,13.10572672,769.1666667,80.23958333,3.054166396,,611.6452
10/04/2015,F,11.00103927,2.229166667,0,9.659372881,745.4166667,75.64583333,3.754166424,,579.0205
11/04/2015,F,7.632289131,6.291666667,0.001666666,65.44321823,667.0833333,70.64583333,3.877083302,,688.8948
12/04/2015,F,5.242706815,4.40625,0.375833229,54.92029921,387.9166667,81.44791667,4.689582984,,785.7076
13/04/2015,F,6.814581295,2.510416667,0.008749997,26.25155608,533.75,80.90625,5.045833151,,713.4294
14/04/2015,F,10.84583044,5.25,0,37.11301231,428.75,78.19791667,6.666666667,,662.6433
15/04/2015,F,9.284371614,4.708333333,0.034583322,40.06873989,554.1666667,72.26041667,5.529166619,,664.8358
16/04/2015,F,6.256248568,2.583333333,0,28.21978378,765.8333333,72.92708333,3.960416357,,643.674
17/04/2015,F,7.399997473,3.177083333,0,32.4010334,704.5833333,83.10416667,5.26458327,,643.1593
18/04/2015,F,5.735415081,2.864583333,0,32.19738563,647.5,82.94791667,5.860416571,,683.6967
19/04/2015,F,5.809373324,4.541666667,0.00927083,47.95623875,542.9166667,85.15625,6.368749936,,720.9079
20/04/2015,F,7.905206601,2.083333333,0.000833333,21.11197408,755.8333333,80.30208333,5.066666325,,652.0016
21/04/2015,F,8.889581005,2.645833333,0.00833333,20.43593323,968.75,75.58333333,2.906249483,,590.2925
22/04/2015,F,9.315622131,2.25,0,14.84322592,900.4166667,76.92708333,4.364582698,,555.9509
23/04/2015,F,11.5499965,2.5625,0,10.1942687,872.0833333,74.14583333,3.724999428,,514.1089
24/04/2015,F,10.73645544,3.3125,0.000416667,22.22395261,794.5833333,78.86458333,4.952083071,,510.1385
25/04/2015,F,8.0083311,3.1875,0.044479151,31.35780541,445.4166667,79.89583333,5.112499913,,616.4665
26/04/2015,F,4.540623773,3.885416667,0.000416667,47.25102901,879.5833333,66.75,3.324999849,,656.0192
27/04/2015,F,3.569790838,2.958333333,0.017499994,39.67030112,955.8333333,65.03125,4.13749977,,636.1324
28/04/2015,F,4.409373919,6.0625,0.117812459,79.65467008,803.3333333,82.60416667,4.160416524,,654.3342
29/04/2015,F,5.835414608,3.875,0.048749985,45.39790614,826.6666667,78.14583333,5.168749968,,658.996
30/04/2015,F,5.514581998,3.072916667,0.079270805,35.79790974,607.0833333,83.45833333,5.504166643,,648.5793
01/05/2015,F,4.062498985,2.895833333,0.000833333,37.32290872,777.5,78.72916667,4.127083182,,642.9154
02/05/2015,F,4.795832187,4.041666667,0.069999979,50.41978232,513.3333333,80.3125,6.125,,644.8363
03/05/2015,F,7.680206219,4.208333333,0.55666652,47.70467408,295.8333333,94.48958333,7.289583286,,709.0937
04/05/2015,F,11.15103881,3.34375,0.000416667,23.23332866,738.3333333,72.1875,4.933333317,,600.9546
05/05/2015,F,8.683331172,4.09375,0.717916453,38.11145306,407.9166667,90.59375,6.712499857,,600.4581
06/05/2015,F,8.271872679,4.364583333,0.154166639,41.67498875,577.0833333,84.51041667,5.910416285,,605.8689
07/05/2015,F,7.029164871,4.729166667,0.00958333,51.14113839,835,75,3.864582976,,591.2205
08/05/2015,F,6.252081275,3.208333333,0.274999904,33.70155636,698.3333333,84.39583333,4.883332705,,584.3337
09/05/2015,F,8.037497997,2.875,0.249583267,29.28957566,424.5833333,90.10416667,6.560415824,,599.1541
10/05/2015,F,10.40833068,2.9375,0.009166663,18.24530745,487.0833333,83.625,5.970832626,,603.2626
11/05/2015,F,12.62603855,4.677083333,0.067499982,23.78436867,892.0833333,76.19791667,4.366666198,,527.1301
12/05/2015,F,9.631246487,5.864583333,0.0015625,47.18384266,815.8333333,73.45833333,4.614582936,,523.6897
13/05/2015,F,8.435413996,4.208333333,0,40.47551171,701.6666667,74.08333333,5.685416341,,522.1387
14/05/2015,F,6.266664624,3.229166667,0,36.05572271,459.5833333,81.80208333,7.154166063,,551.7849
15/05/2015,F,9.24270606,2.927083333,0.009166663,21.2557257,887.0833333,69.67708333,6.32499969,,536.2133
16/05/2015,F,9.50416398,5.958333333,0.009687497,48.66978057,795,75.29166667,5.222916325,,539.3866
17/05/2015,F,9.060414076,5.989583333,0.013749995,47.7557203,876.25,75.27083333,4.387499412,,559.5623
18/05/2015,F,7.894789139,3.46875,0.142083291,33.34061702,630.8333333,85.0625,5.987499396,,530.1201
19/05/2015,F,6.69999814,3.59375,0.077916649,39.52655427,627.9166667,85.69791667,5.770832777,,544.1325
20/05/2015,F,9.961455027,3.947916667,0.006249998,32.1343689,910.8333333,70.32291667,5.091666063,,513.3534
21/05/2015,F,9.95937252,5.447916667,0.011249996,42.81353124,674.5833333,77.8125,5.918749253,,499.3733
22/05/2015,F,13.22082933,4.4375,0,19.37707837,577.9166667,83.38541667,6.71249946,,466.6426
23/05/2015,F,12.28020477,2.083333333,0,9.125518064,810.8333333,65.96875,5.845832547,,436.1178
24/05/2015,F,10.72603846,4.40625,0.040937488,31.28644959,582.5,79.11458333,6.527082523,,472.3872
25/05/2015,F,10.17603906,3.958333333,0.000416667,31.8406202,538.3333333,77.40625,6.589582761,,440.5629
26/05/2015,F,10.17708095,3.947916667,0,25.38436985,768.3333333,76.65625,5.541665912,,444.6586
27/05/2015,F,8.917705536,3.78125,0.132499962,34.8046821,553.3333333,81.73958333,6.306249301,,459.7088
28/05/2015,F,8.492705901,5.989583333,0.048333321,57.05779934,906.6666667,78.47916667,4.770832777,,478.2686
29/05/2015,F,7.544788996,3.208333333,0.292083225,31.85311699,627.9166667,82.47916667,5.147916079,,483.1078
30/05/2015,F,8.517705997,4.84375,0.000104167,44.17394956,1052.916667,73.28125,4.779166142,,480.7698
31/05/2015,F,8.732289076,4.71875,0.347395739,40.75780376,587.5,82.80208333,5.752082944,,497.0421
01/06/2015,F,8.069789092,4.8125,0.167916627,44.7473863,765.8333333,78.70833333,4.189582984,,471.5105
02/06/2015,F,9.15937225,6.729166667,0.026666657,56.94581795,965,74.94791667,3.808332761,,464.4705
03/06/2015,F,10.84895555,4.489583333,0,31.2140576,913.75,74.07291667,5.002082745,,440.9219
04/06/2015,F,11.84999657,2.25,0,9.55416441,900,74.0625,4.368749579,,397.2992
05/06/2015,F,13.91457939,3.197916667,0.000833333,11.45312317,799.1666667,73.88541667,4.502082745,,361.133
06/06/2015,F,10.35728923,5.708333333,0.00125,38.67030287,659.1666667,72.4375,5.516666452,,397.4899
07/06/2015,F,10.92187214,5.791666667,0,39.29894972,1165,68.09375,4.1875,,406.1725
08/06/2015,F,8.390622536,2.09375,0.142499954,19.05312037,741.6666667,79.63541667,5.60833327,,408.4081
09/06/2015,F,10.25833054,1.864583333,0,12.05260086,927.9166667,75.0625,6.837499777,,394.9631
10/06/2015,F,12.32916327,2.010416667,0,6.694789867,1212.916667,67.83333333,3.73124965,,358.955
11/06/2015,F,13.01770433,2.416666667,0,7.467185487,1194.166667,61.32291667,3.939582745,,328.7898
12/06/2015,F,13.42499594,2.34375,0,9.496872962,1015,65.71875,5.306249658,,316.1723
13/06/2015,F,11.34374698,3.15625,0.067916649,21.42551692,456.25,90.23958333,7.375,,354.0118
14/06/2015,F,8.351039171,3.28125,0.099687468,31.33488973,412.0833333,88.05208333,6.910416603,,426.958
15/06/2015,F,9.831247747,1.375,0.008854164,9.724476258,758.3333333,76.15625,6.131249587,,382.9496
16/06/2015,F,13.86666282,1.75,0.026145824,5.321873327,613.75,82.64583333,6.875,,359.6075
17/06/2015,F,14.130205,5.635416667,0.000416667,21.47811985,560,80.85416667,6.097916603,,358.408
18/06/2015,F,10.40416352,6.041666667,0.00125,45.34425958,517.5,77.83333333,6.487499992,,383.5364
19/06/2015,F,10.72291342,4.864583333,0.00125,35.79790942,525.8333333,86.11458333,6.258333127,,401.3706
20/06/2015,F,13.09062163,2.166666667,0.026666657,7.542185366,414.1666667,90.75,5.747916619,,389.8497
21/06/2015,F,11.30416346,4.708333333,0.102499972,30.15259798,676.6666667,86.76041667,5.129166643,,395.712
22/06/2015,F,9.667706092,3.760416667,0.134583298,31.52707736,400.8333333,91.09375,6.666666667,,410.3398
23/06/2015,F,11.43124755,2,0.000416667,12.94322602,562.0833333,82.1875,6.835416555,,411.8864
24/06/2015,F,12.42916282,1.895833333,0.084999972,9.338017583,438.75,91.9375,6.083333095,,370.4828
25/06/2015,F,14.37603712,1.333333333,0.169999946,4.10781164,600.8333333,92.6875,6.114583254,,334.115
26/06/2015,F,15.34270382,2.0625,0.110312462,4.083853344,499.1666667,89.59375,6.45208323,,329.663
27/06/2015,F,15.09895293,3.3125,0.0009375,8.306768815,946.6666667,78.53125,4.520833333,,309.8447
28/06/2015,F,15.12291272,3.822916667,0.124583304,8.466143568,660.8333333,81.5625,5.145833333,,330.7242
29/06/2015,F,14.20207914,2.145833333,0.000833333,6.580727468,846.6666667,78.6875,5.414583286,,335.1119
30/06/2015,F,20.47812001,2.583333333,0,2.035416285,1011.666667,66.5625,5.881249984,,295.6618
01/07/2015,F,20.56666056,2.989583333,0.000833333,0.788541461,948.75,67.88541667,3.249999841,,270.5311
02/07/2015,F,17.19582939,3.354166667,0.112187471,6.079165389,689.5833333,86.80208333,5.262499928,,273.7306
03/07/2015,F,15.38853709,2.875,0,7.774997791,1175,77.08333333,3.631249587,,269.1389
04/07/2015,F,15.60937103,3.395833333,0.722916514,10.79739376,659.1666667,86,5.785416603,,299.9324
05/07/2015,F,13.97916317,2.197916667,1.041666362,7.157290203,783.3333333,77.13541667,4.181249579,,325.763
06/07/2015,F,13.47916317,2.59375,0.040937485,10.07603919,627.0833333,86.85416667,4.974999507,,322.9861
07/07/2015,F,15.48749606,3.854166667,0.009062497,9.904685934,747.5,81.29166667,6.375,,335.115
08/07/2015,F,11.7541639,2.582290888,0.206249927,15.24999634,969.5833333,91,7.291666667,,375.82
09/07/2015,F,11.42708031,2.479166667,0,12.49062133,939.0909091,74.77272727,4.349999825,,361.2733
10/07/2015,F,16.22186979,2.229166667,0.009687497,5.185415486,929.5833333,76.09375,6.845833302,,330.2622
11/07/2015,F,15.28228776,2.552083333,0.119062456,5.183332091,823.3333333,83.82291667,6.427083333,,317.8516
12/07/2015,F,15.14478699,4.15625,0.029270826,9.251559933,765.8333333,81.89583333,5.6875,,352.6881
13/07/2015,F,13.80416218,1.614583333,0.126354141,6.389060766,374.5833333,93.1875,6.604166667,,358.074
14/07/2015,F,13.71666336,1.197916667,0.007395832,5.3088531,460.4166667,87.9375,5.793749968,,365.4619
15/07/2015,F,13.18958028,2.916666667,0,13.84843431,851.6666667,73.95833333,6.318749984,,359.6698
16/07/2015,F,13.19270515,2.822916667,0,9.826559901,911.6666667,79.20833333,5.964583317,,349.0775
17/07/2015,F,14.87082926,4.166666667,0.092916635,12.4479143,754.1666667,76.73958333,5.504166643,,356.6868
18/07/2015,F,13.51457977,4.927083333,0.011249996,22.18072383,857.0833333,69.47916667,6.125,,360.6496
19/07/2015,F,13.04478836,4.5,0.251979091,20.09582837,671.6666667,80.38541667,5.433333317,,390.4768
20/07/2015,F,13.09895468,2.427083333,0.059999985,8.284372608,526.6666667,85.97916667,6.074999968,,361.2294
21/07/2015,F,14.86457825,2.989583333,0.058437486,8.269789735,548.75,78.33333333,6.604166667,,369.5468
22/07/2015,F,12.4020799,2.96875,0.001666666,15.6770796,528.3333333,77.4375,5.98333327,,379.9564
23/07/2015,F,12.44999639,3.791666667,0.00833333,16.62395549,829.5833333,72.78125,4.129166603,,371.8889
24/07/2015,F,11.56562201,1.947916667,0.001354166,11.140101,442.9166667,79.33333333,6.460416595,,377.7092
25/07/2015,F,11.22499736,1.760416667,0.034583322,11.93228797,646.25,81.86458333,6.868749936,,261.5403
26/07/2015,F,10.9927059,2.989583333,0.400416511,17.93228793,617.0833333,83.1875,4.737499913,,305.711
27/07/2015,F,11.48645496,4.53125,0.838333138,29.0505139,216.6666667,94.97916667,7.375,,336.3011
28/07/2015,F,10.23958,1.161458254,0.731249724,8.932341258,601.0833333,95,7.833333333,,341.9375
29/07/2015,F,11.23437134,2.723958333,0.290729097,17.20832912,682.2727273,84.71590909,6.8125,,332.3486
30/07/2015,F,11.39791314,2.135416667,0.125833309,12.37968405,722.9166667,78.5625,6.222916603,,324.3057
31/07/2015,F,11.45833079,1.802083333,0.000833333,10.20989299,452.0833333,79.03125,6.743749738,,321.2596
01/08/2015,F,13.27082952,3,0.150937455,10.21510237,842.9166667,72.29166667,4.266666651,,264.8443
02/08/2015,F,12.91145452,2.208333333,0.096249966,9.739060005,477.9166667,85.23958333,7.229166667,,304.5268
03/08/2015,F,16.14895391,2.354166667,0.000833333,3.823957317,684.1666667,71.60416667,6.625,,297.3968
04/08/2015,F,14.7333285,3.34375,0.0021875,9.409892517,806.25,74.20833333,5.837499857,,300.7458
05/08/2015,F,15.11145401,2.645833333,0.094895807,7.041143884,635.4166667,75.1875,6.6875,,300.7228
06/08/2015,F,15.31562122,3.385416667,0.0003125,7.083331505,678.75,79.15625,5.585416516,,296.4422
07/08/2015,F,12.45207985,1.6875,0.008749997,8.95728908,650,81.84375,5.320833206,,298.6235
08/08/2015,F,13.99166282,1.927083333,0.000416667,6.209373573,883.75,71.375,4.343749722,,272.3088
09/08/2015,F,15.84582917,2.614583333,0.001666666,4.390103251,546.25,77.07291667,6.770833333,,294.5653
10/08/2015,F,16.18332847,2.854166667,0.034166659,4.203644972,759.1666667,74.10416667,4.802083174,,284.8861
11/08/2015,F,13.73020395,2.895833333,0,10.66510137,482.9166667,78.01041667,4.991666436,,292.3108
12/08/2015,F,13.57707946,1.822916667,0,6.573435426,824.5833333,74.86458333,5.51249965,,286.7713
13/08/2015,F,14.21145376,2.375,0.062916659,5.592706402,780.8333333,78.26041667,4.466666381,,291.7127
14/08/2015,F,13.1791633,2.083333333,1.108333041,10.02343543,132.0833333,95.34375,7.1875,,328.1292
15/08/2015,F,12.65312195,4.416666667,0.000416667,21.71457982,859.5833333,76.82291667,4.802083174,,278.0812
16/08/2015,F,12.21249676,1.572916667,0,8.271872615,644.1666667,77.95833333,5.570833047,,302.6743
17/08/2015,F,14.2249953,2.208333333,0,7.361977672,780,72.80208333,5.762499968,,294.4622
18/08/2015,F,12.46562243,3.59375,0.527499849,19.62395366,169.1666667,86.85416667,7.6875,,330.5156
19/08/2015,F,15.88853693,3.052083333,0.088749968,7.791664869,683.75,80.6875,5.979166667,,308.2775
20/08/2015,F,16.82603709,2.604166667,0.05458332,3.560416122,554.5833333,83.44791667,6.25,,306.327
21/08/2015,F,18.3083264,2.75,0.09302079,1.20156211,394.1666667,83.3125,5.674999992,,307.2465
22/08/2015,F,15.66041168,2.145833333,0.256458226,4.594269574,364.5833333,85.07291667,7.3125,,308.9835
23/08/2015,F,16.65207799,5.520833333,0.225520734,6.997915149,853.3333333,81.60416667,4.681249698,,312.575
24/08/2015,F,14.22395436,1.729166667,0.033645821,6.192706386,633.3333333,83.46875,5.212499936,,306.7038
25/08/2015,F,13.61145544,4.520833333,0.014999995,21.01874542,794.5833333,73.69791667,5.23333319,,313.495
26/08/2015,F,14.67291276,3.145833333,0.028854158,8.612497618,693.75,76.17708333,4.177083294,,315.6141
27/08/2015,F,12.72603814,3.15625,0.006249998,13.13593372,610.4166667,75.26041667,3.666666508,,319.9995
28/08/2015,F,13.69478766,2.614583333,0,8.349998116,620.4166667,73.5625,3.343749762,,320.36
29/08/2015,F,14.31041241,2.40625,0.051249985,7.301039835,616.25,78.4375,4.549999913,,310.3584
30/08/2015,F,13.77708006,1.927083333,0,6.355206557,556.25,78.33333333,4.766666333,,323.4345
31/08/2015,F,11.61041355,2.541666667,0.002083333,14.31457949,229.1666667,86.04166667,6.229166667,,383.908
01/09/2015,F,12.22916333,2.5,0.001666666,12.31145477,580,76.47916667,6.029166659,,336.7312
02/09/2015,F,11.31041352,2.583333333,0.033333321,16.19687088,371.25,79.44791667,7.333333333,,353.7871
03/09/2015,F,10.03541366,3.416666667,0.052187483,27.06197119,282.0833333,80.4375,7.4375,,377.7048
04/09/2015,F,11.66874647,3.052083333,0.022499992,19.38124577,433.75,76.44791667,6.927083095,,383.0458
05/09/2015,F,10.18853823,2.8125,0.013020829,21.36041101,601.6666667,71.05208333,6.268749913,,333.7014
06/09/2015,F,10.59999752,3.177083333,0.000416667,17.59530886,733.75,79.02083333,4.972916126,,361.4566
07/09/2015,F,11.38020531,1.8125,0,10.46510134,622.5,83.84375,5.533332666,,383.2171
08/09/2015,F,10.65624682,1.34375,0.017083327,9.807289282,139.5833333,92.5625,7.981249889,,423.7755
09/09/2015,F,11.32812198,2.625,0,16.28176546,289.1666667,83.40625,7.527083317,,421.2282
10/09/2015,F,13.5760382,3.385416667,0,11.95103852,610.8333333,82.125,5.895833214,,386.5892
11/09/2015,F,13.44166183,4.114583333,0,15.4624966,581.6666667,83.23958333,5.062499603,,364.7032
12/09/2015,F,12.06666358,3.677083333,0.276666621,20.73437166,182.0833333,90.88541667,6.416666667,,384.1155
13/09/2015,F,12.0072883,2.104166667,0,11.2249972,620,78.3125,4.797916611,,377.7877
14/09/2015,F,11.01353916,2.5625,0.1108333,15.63176743,290.4166667,93.53125,6.579166571,,412.6675
15/09/2015,F,11.4843715,2.510416667,0.217916601,15.84947475,180.4166667,89.44791667,6.979166667,,439.603
16/09/2015,F,9.053122679,2.09375,0,17.5302031,592.9166667,85.65625,3.114583015,,420.5471
17/09/2015,F,10.34583052,2.8125,0.00125,19.66718332,295.8333333,84.64583333,7.583333333,,429.1488
18/09/2015,F,10.71353873,1.791666667,0.020520826,11.28333092,387.0833333,88.45833333,6.591666619,,420.867
19/09/2015,F,10.78749688,2.625,0,12.06770587,518.3333333,85.75,4.031249603,,394.313
20/09/2015,F,11.85416357,1.583333333,0.010416663,8.59218502,195,85.48958333,7.4375,,422.8821
21/09/2015,F,12.02499708,2.760416667,0.208749928,15.86041292,210.8333333,89.67708333,6.322916627,,438.4902
22/09/2015,F,9.846872965,2.708333333,0.026666657,20.78853766,394.1666667,89.19791667,5.731249889,,452.4971
23/09/2015,F,10.79583057,3.072916667,0.017083327,22.42030621,325.4166667,86.03125,4.756249746,,460.4576
24/09/2015,F,9.877080361,3.666666667,0.170833287,28.02186886,474.1666667,86.44791667,4.17083327,,462.87
25/09/2015,F,10.76041349,5.0625,0.006666664,36.79842885,512.0833333,80.88541667,4.618749698,,455.9654
26/09/2015,F,11.50937239,1.864583333,0,12.45103852,270,84.53125,7.229166667,,447.7804
27/09/2015,F,10.67708095,1.333333333,0,7.722393801,558.3333333,79.72916667,4.068749547,,439.9816
28/09/2015,F,10.37499706,2.010416667,0,11.04218451,448.75,85.3125,4.897916198,,432.844
29/09/2015,F,11.36666314,1.489583333,0,7.434894199,534.1666667,84.25,4.508332849,,427.6533
30/09/2015,F,9.104164084,1.541666667,0.00833333,10.70676796,471.25,88.51041667,4.706249436,,447.0579
01/10/2015,F,9.177080472,1.385416667,0,11.15754847,532.5,81.86458333,3.812499603,,445.6597
02/10/2015,F,9.674997489,2.614583333,0.00833333,19.22030807,527.5,82.10416667,3.922916293,,438.6857
03/10/2015,F,7.726039966,0.958333333,0,9.830726147,141.25,95.13541667,7.468749841,,497.0221
04/10/2015,F,8.261456092,1.510416667,0,13.35937174,243.3333333,86.46875,6.770833333,,515.6676
05/10/2015,F,10.50103919,2.979166667,0.158333289,18.84843318,62.08333333,96.47916667,6.643749793,,541.6898
06/10/2015,F,14.77187173,2.583333333,0.40083324,7.903123339,134.5833333,96.23958333,6.95208319,,510.8417
07/10/2015,F,11.36978896,3.104166667,0.369999858,22.03281029,100.4166667,97.07291667,7.343749841,,517.0974
08/10/2015,F,8.633330981,2.520833333,0,23.1947852,305,88.3125,3.689582984,,517.3612
09/10/2015,F,9.552080631,1.041666667,0,9.055726608,402.9166667,86.6875,5.566666563,,506.6487
10/10/2015,F,10.89374701,1.635416667,0.000520833,11.02551802,309.5833333,88.84375,5.489583254,,507.1697
11/10/2015,F,9.431246916,1.78125,0.119479135,14.47707939,144.5833333,90.08333333,6.104166667,,546.6896
12/10/2015,F,6.820831418,2.03125,0.115416639,20.25416215,302.0833333,89.48958333,4.987499873,,562.4415
13/10/2015,F,7.776039759,1.875,0.007604164,17.63437049,243.75,90.09375,5.289583206,,583.2825
14/10/2015,F,6.034373244,1.614583333,0.009687497,17.65207783,313.75,88.97916667,4.437499881,,594.6035
15/10/2015,F,7.745831052,2.135416667,0.0003125,19.29322418,221.6666667,89.69791667,4.416666587,,593.3419
16/10/2015,F,8.420830568,2.083333333,0.025833324,19.33332841,145.4166667,91.42708333,5.691666603,,597.5451
17/10/2015,F,8.580205361,2.46875,0,21.94374355,187.5,86.40625,6.4375,,600.2602
18/10/2015,F,8.733330965,2.239583333,0.00833333,19.02030786,122.5,92.875,5.541666508,,621.9673
19/10/2015,F,8.984372218,1.520833333,0.009999997,13.81249611,236.25,91.04166667,6.520833333,,602.9
20/10/2015,F,8.448956251,2.395833333,0.043749981,21.19374561,186.25,87.52083333,5.543749889,,603.1266
21/10/2015,F,12.755205,5.104166667,0.31958324,22.83697375,153.75,90.23958333,7.097916603,,593.3601
22/10/2015,F,10.74999626,8.395833333,0,60.59634018,285,73.17708333,4.245833238,,594.515
23/10/2015,F,8.74270606,2.28125,0,20.249475,125.8333333,82.34375,5.70208323,,619.4076
24/10/2015,F,9.14062198,3.9375,0.011249996,35.48124186,139.5833333,84.96875,5.368749936,,638.3275
25/10/2015,F,6.975997849,1.95,0.007999997,21.13099548,172,83.77,4.877999344,,735.2364
26/10/2015,F,7.868748188,2.333333333,0,22.54270363,242.5,85.375,6.01041619,,698.5294
27/10/2015,F,10.81562217,2.375,0,16.76197481,65.83333333,96.17708333,7.985416651,,682.5685
28/10/2015,F,10.67499781,2.395833333,0.375833178,16.9197886,27.91666667,99.67708333,7.302083015,,679.2661
29/10/2015,F,8.430205822,2.770833333,0.075833315,24.84270255,63.75,96.98958333,5.739583095,,671.5535
30/10/2015,F,9.506247203,1.854166667,0.333333232,14.88801781,60.41666667,98.35416667,6.208333333,,684.2762
31/10/2015,F,12.60728852,2.34375,0.07583331,12.40416308,139.5833333,94.92708333,5.677083254,,656.5319
01/11/2015,F,11.01041428,1.541666667,0.00833333,9.522913814,258.3333333,95.39583333,4.485416094,,657.1096
02/11/2015,F,9.532289346,1.208333333,0.016666661,10.32499723,115.4166667,97.04166667,6.572916269,,648.2455
03/11/2015,F,5.90729026,1.114583333,0.008437497,13.49322637,82.91666667,99.63541667,7.547916253,,723.7623
04/11/2015,F,8.891664187,1.166666667,0.066249979,10.68333101,62.5,99.91666667,7.745833079,,727.191
05/11/2015,F,9.731247584,1.375,0.083333316,11.07603892,43.33333333,100,6.364583254,,710.4724
06/11/2015,F,12.20103884,2.760416667,0.059166648,15.60468459,79.16666667,92.23958333,6.314583302,,666.9623
07/11/2015,F,9.529163837,3.34375,0.5183332,28.44426592,68.33333333,93.88541667,5.039583047,,708.8537
08/11/2015,F,8.831247727,4.15625,0.251666603,37.46041075,49.16666667,89.46875,5.054166476,,768.7281
09/11/2015,F,11.60624687,6.875,0.020833326,36.73644956,152.0833333,83.03125,4.274999936,,700.4877
10/11/2015,F,15.31457965,5.96875,0.096666659,14.95103836,79.58333333,82.875,6.208333333,,629.3911
11/11/2015,F,11.19583035,2.90625,0.449166564,20.8390588,66.25,93.67708333,5.881249865,,644.2304
12/11/2015,F,9.587497234,4.65625,0.083333305,38.53541025,148.75,80.55208333,3.879166489,,676.9881
13/11/2015,F,5.276040077,5.15625,0.185833283,64.86144352,139.1666667,82.96875,4.229166428,,756.556
14/11/2015,F,6.368748426,4.739583333,0.489583158,56.63280026,56.66666667,84.22916667,5.402083158,,834.8856
15/11/2015,F,12.70728874,4.489583333,0.539166545,20.04166253,75.41666667,92.09375,7.104166667,,776.3352
16/11/2015,F,7.81354022,6.395833333,0.012187496,65.70363363,170.4166667,76.29166667,3.627083182,,744.7973
17/11/2015,F,6.151039918,3.635416667,0.298437433,41.83384355,59.16666667,85.5625,5.735416412,,794.1565
18/11/2015,F,7.849997441,5.572916667,0.345104074,57.31040637,45.41666667,87.36458333,4.695833246,,792.818
19/11/2015,F,7.29478995,7.854166667,0.034583325,83.69790459,143.75,81.92708333,2.660416484,,790.672
20/11/2015,F,4.56666561,6.03125,0.000416667,79.64737574,101.6666667,81.91666667,5.247916619,,814.6665
21/11/2015,F,0.738541394,4.65625,0.225729092,79.39738337,164.5833333,76.54166667,3.981249869,,948.1088
22/11/2015,F,1.565624617,1.90625,0.034999988,31.31196976,137.5,90.375,5.899999777,,977.9007
23/11/2015,F,3.868749042,3.125,0.099999973,40.85571893,68.33333333,87.25,6.910416524,,931.0299
24/11/2015,F,5.930206656,5.166666667,0.00125,62.22915777,100.8333333,88.3125,5.572916547,,879.5908
25/11/2015,F,4.869790395,4.135416667,0.000833333,54.1265529,138.3333333,89.42708333,5.260416547,,872.0063
26/11/2015,F,8.359372576,5.135416667,0.008749997,45.42446995,132.9166667,93.75,5.597916603,,829.9857
27/11/2015,F,8.545831243,5.135416667,0.083749973,50.3078049,70.41666667,84.66666667,6.008333206,,792.2815
28/11/2015,F,4.361457348,5.666666667,0.172083295,77.60154025,79.58333333,85.85416667,4.216666619,,889.1117
29/11/2015,F,4.849998534,6.979166667,0.327499917,90.63487625,73.75,88.17708333,5.258333286,,897.1848
30/11/2015,F,2.664582431,3.802083333,0.217916606,57.52811154,38.75,90.89583333,5.947916269,,922.3525
01/12/2015,F,6.228123168,2.833333333,0.309999939,29.53436804,32.5,92.30208333,7.01458327,,929.6684
02/12/2015,F,9.165622711,4.197916667,0.001666666,34.66249577,58.75,83.84375,5.135416508,,844.2652
03/12/2015,F,4.621873577,2.395833333,0.65916651,30.20337884,22.08333333,95.625,7.372916619,,863.9305
04/12/2015,F,7.785414457,6.114583333,0.053333317,62.84165319,76.66666667,83.47916667,5.518749952,,852.5197
05/12/2015,F,10.51874638,8.25,0.659583161,61.86092059,36.66666667,88.92708333,7.708333333,,850.6984
06/12/2015,F,7.148956577,5.041666667,0.136666631,47.72603051,97.91666667,86.79166667,5.193749885,,874.4034
07/12/2015,F,7.668747703,3.625,0.068020817,33.00572109,33.33333333,89.61458333,6.916666587,,835.27
08/12/2015,F,8.440622489,4.333333333,0.088229138,42.53332138,94.16666667,85.45833333,4.710416615,,808.1537
09/12/2015,F,7.865622799,5.5,0.137499952,51.58488719,49.16666667,81.59375,4.977083206,,824.0905
10/12/2015,F,5.347914974,3.927083333,0.278854101,47.6093634,89.16666667,84.29166667,3.874999801,,846.4499
11/12/2015,F,3.667707185,5.895833333,0.029583323,81.62185669,102.9166667,84.69791667,2.822916547,,894.4753
12/12/2015,F,2.09166608,2.645833333,0.343333217,41.49790915,19.58333333,95.1875,6.337499857,,992.8835
13/12/2015,F,0.757291473,1.666666667,0.295833271,28.13124307,56.66666667,98.45833333,5.424999873,,1033.689
14/12/2015,F,4.506248713,1.1875,0.118749975,16.34062115,52.91666667,97.38541667,6.51458319,,945.257
15/12/2015,F,6.79478995,2.864583333,0.042916653,31.10311667,33.33333333,99.71875,7.968749921,,911.109
16/12/2015,F,10.80416361,3.59375,0.00125,25.34218121,47.5,96.57291667,7.645833333,,825.7811
17/12/2015,F,11.86978817,3.3125,0,19.91978645,48.33333333,85.16666667,4.862499992,,758.7511
18/12/2015,F,11.18645509,3.854166667,0.002499999,25.95884943,46.25,81.98958333,6.579166651,,754.1462
19/12/2015,F,13.08437173,3.479166667,0.182916617,15.81353815,32.91666667,86.11458333,6.708333333,,733.1735
20/12/2015,F,8.607289314,4.229166667,0.804583124,40.49217812,103.75,88.29166667,5.222916524,,788.006
21/12/2015,F,6.528123458,4.583333333,0.093749967,50.73852984,41.25,84.90625,4.106249968,,830.9136
22/12/2015,F,8.653122703,4.416666667,0.167083286,38.15624142,45.83333333,83.6875,6.102083286,,835.3044
23/12/2015,F,6.422914982,5.458333333,0.076979149,62.85883776,108.75,77.53125,3.712499777,,858.7231
24/12/2015,F,6.453122934,5.15625,0.069999981,59.43175761,76.66666667,79.6875,4.931249777,,852.597
25/12/2015,F,3.492707531,3.8125,0.764583189,55.42811902,57.5,87.07291667,5.85624969,,945.4433
26/12/2015,F,6.959373474,3.916666667,0.918020603,42.13228019,16.66666667,97.71875,7.229166667,,804.839
27/12/2015,F,5.413540165,3.447916667,0.0015625,43.385928,131.6666667,85.72916667,4.629166464,,880.1254
28/12/2015,F,8.847913663,3.760416667,0.000520833,34.18228292,120,89.44791667,6.141666532,,844.4462
29/12/2015,F,8.442705552,4.260416667,0.00125,41.17290719,97.5,81.90625,5.266666571,,765.345
30/12/2015,F,9.390622536,5.041666667,0.025937491,38.5229094,35.83333333,82.77083333,7.354166667,,768.043
31/12/2015,F,4.365623752,3.333333333,0.131249961,44.72759279,75.83333333,87.63541667,5.079166532,,794.2091
01/01/2016,F,2.308332849,3.5,0.058854151,52.0572799,49.16666667,82.22916667,5.522916238,,930.2178
02/01/2016,F,7.080206712,5.604166667,0.383645744,61.56613096,19.16666667,96.58333333,7.604166667,,917.0596
03/01/2016,F,6.681248347,5.208333333,0.366666569,58.90571022,25,97.29166667,7.5625,,919.4179
04/01/2016,F,6.427081744,4.40625,1.22541621,51.18852743,36.25,96.26041667,6.75,,866.8774
05/01/2016,F,6.392706633,5.53125,1.471249563,64.54738045,22.5,98.29166667,7.354166667,,883.0815
06/01/2016,F,5.587498426,5.104166667,0.396666557,63.33748945,28.75,98.07291667,7.8125,,901.364
07/01/2016,F,4.638540586,5.5,0.201666602,74.6109225,22.91666667,92.625,6.979166667,,908.848
08/01/2016,F,1.159374661,2.3125,0.175833285,37.58801206,37.91666667,96.72916667,5.131249785,,953.1469
09/01/2016,F,3.19374909,2.322916667,0.518437344,32.44322141,46.66666667,99.75,7.537499825,,992.8244
10/01/2016,F,4.28437378,3.96875,0.036666656,53.92446804,56.66666667,85.85416667,6.622916619,,991.2436
11/01/2016,F,0.798958103,1.25,0.008437497,21.34739049,70,94.95833333,4.483332992,,979.9335
12/01/2016,F,3.031249166,2.760416667,0.157083292,40.99582561,36.25,96.83333333,6.604166587,,976.5061
13/01/2016,F,2.04062441,3.322916667,0.093020816,53.62030236,86.66666667,92.4375,5.462499857,,986.0735
14/01/2016,F,0.417708186,4.458333333,0.104999965,79.38540125,34.58333333,90.25,5.974999865,,1019.8173
15/01/2016,F,0.246874922,4.4375,0.00833333,78.44477208,171.6666667,86.14583333,3.939582745,,1037.2462
16/01/2016,F,-0.579166521,2.010416667,0,37.50832542,97.5,85.32291667,5.327083031,,1080.9547
17/01/2016,F,-0.378124918,2.541666667,0.001666666,46.04686546,76.66666667,90.13541667,6.341666301,,1100.6447
18/01/2016,F,0.836458082,1.489583333,0.012916662,25.77395089,44.58333333,98.04166667,7.574999491,,1041.6037
19/01/2016,F,1.905207862,0.947916667,0.041249985,15.33645431,107.9166667,96.86458333,7.285416603,,997.5705
20/01/2016,F,1.127083016,0.84375,0.000416667,14.42395393,46.66666667,98.13541667,7.020833333,,995.307
21/01/2016,F,1.499999662,2.895833333,0.067083316,47.33748945,59.16666667,94.55208333,5.583333254,,1010.8889
22/01/2016,F,6.116665085,3.791666667,0.067916654,45.50519975,90,90,5.481249978,,961.1877
23/01/2016,F,7.514580965,3.135416667,0.100416638,32.51249313,69.58333333,83.39583333,5.110416651,,920.8116
24/01/2016,F,11.19270555,3.46875,0.03374999,22.38853629,53.75,90.38541667,6.527083317,,872.5535
25/01/2016,F,10.45416419,4.625,0.009166663,36.21092844,102.9166667,82.91666667,5.141666571,,763.9302
26/01/2016,F,8.407289267,6.135416667,0.053333316,56.23071353,61.66666667,82.86458333,5.256249905,,801.6124
27/01/2016,F,7.505206029,5.604166667,0.345833258,60.2114439,114.1666667,86.55208333,4.649999946,,779.2795
28/01/2016,F,5.819790085,5.447916667,0.003437499,65.1109225,105,79.79166667,4.620833238,,841.4383
29/01/2016,F,8.117705901,8.46875,0.052916653,83.55414645,178.75,71.97916667,4.385416468,,828.9498
30/01/2016,F,2.714582682,9.145833333,0.01916666,140.5088247,201.6666667,73.07291667,3.120833298,,929.5301
31/01/2016,F,3.221874158,2.427083333,0.245833271,37.75832462,66.25,94.34375,6.8125,,991.5958
01/02/2016,F,8.354164124,9.1875,0.053749981,87.29737663,177.0833333,77.70833333,4.833333333,,872.3711
02/02/2016,F,4.614582181,8.822916667,0.003020833,116.5364304,203.3333333,71.82291667,5.064583262,,897.0349
03/02/2016,F,3.288540641,5.489583333,0.000833333,81.33852736,222.5,79.60416667,4.506249944,,911.536
04/02/2016,F,6.485414465,3.916666667,0.069166648,42.9083248,145.4166667,91.02083333,6.520833254,,867.7322
05/02/2016,F,7.987497489,4.78125,0.033749988,47.68905385,134.5833333,83.53125,6.6875,,826.5841
06/02/2016,F,4.360415439,3.041666667,0.004166666,40.69634279,52.91666667,89.86458333,6.4375,,914.9087
07/02/2016,F,4.522915403,4.666666667,0.01083333,61.45780182,144.5833333,81.41666667,4.564583222,,930.223
08/02/2016,F,5.382289966,4.8125,0.022083326,59.99529902,119.1666667,86.625,5.69999973,,880.5614
09/02/2016,F,3.62916561,5.520833333,0.06791665,78.45831553,102.5,89.17708333,6.539583047,,892.4795
10/02/2016,F,2.881249152,4.65625,0,69.73383967,277.9166667,82.65625,3.124999841,,896.767
11/02/2016,F,1.871874345,3.71875,0.000416667,57.90155236,245,88.30208333,4.864582876,,911.0279
12/02/2016,F,1.741666208,2.052083333,0,32.30207491,231.6666667,88.35416667,6.0625,,916.6522
13/02/2016,F,1.285416342,3.145833333,0.527916516,52.41717529,101.6666667,97.61458333,6.354166667,,987.8356
14/02/2016,F,0.108333328,2.947916667,0.028854157,52.10988299,208.3333333,91.0625,4.141666571,,1017.67
15/02/2016,F,0.005208333,2.885416667,0.01822916,51.38019482,241.6666667,83.3125,4.01041623,,994.7005
16/02/2016,F,1.783332723,2.958333333,0.00125,42.82290936,240.4166667,76.47916667,6.045833031,,994.9466
17/02/2016,F,3.630207211,3.9375,0.10249997,55.27550856,67.08333333,92.16666667,7.666666667,,985.6174
18/02/2016,F,1.560416214,3.322916667,0.000520833,52.28904724,320.4166667,91.48958333,3.277083317,,939.5624
19/02/2016,F,4.128124152,4.041666667,0.002083333,49.18853251,153.3333333,89.11458333,5.641666412,,935.7327
20/02/2016,F,5.746873379,9.458333333,0.06052082,115.7973735,202.9166667,82.14583333,5.25,,937.3106
21/02/2016,F,5.989581903,7.302083333,0.012916663,87.84112549,120,89.21875,5.729166667,,925.1157
22/02/2016,F,3.753123999,6.239583333,0.000833333,89.77028783,307.0833333,84.46875,4.82708319,,871.0537
23/02/2016,F,1.162499482,2.71875,0,44.09009488,369.5833333,78.23958333,3.449999829,,884.8289
24/02/2016,F,-0.293749921,2.552083333,0,45.85571512,313.75,87.83333333,4.304166555,,931.5818
25/02/2016,F,0.396874872,2.84375,0,50.10675812,292.0833333,77.75,7.010416627,,937.2839
26/02/2016,F,1.653124532,1.291666667,0.000416667,19.55780729,183.75,75.25,7.695833286,,924.7674
27/02/2016,F,0.729166521,1.645833333,0.025416658,27.05832648,282.5,87.66666667,6.666666667,,975.3696
28/02/2016,F,1.34062464,1.364583333,0.017499994,22.38801471,332.9166667,88.88541667,5.247916381,,971.8441
29/02/2016,F,1.940624336,2.760416667,0.131249949,40.35519981,206.6666667,83.53125,6.352083127,,925.0108
01/03/2016,F,6.861456255,5.822916667,0.212916612,63.65935961,180.8333333,88.70833333,6.020833333,,860.9251
02/03/2016,F,2.688540926,4.677083333,0.077083308,70.05050564,338.75,82.77083333,4.587499936,,875.8887
03/03/2016,F,2.560415924,2.875,0.007604164,44.79061715,169.1666667,90.20833333,6.085416396,,891.9564
04/03/2016,F,3.947915673,6.25,0.304999927,85.99581401,96.66666667,88.21875,6.5,,899.7286
05/03/2016,F,2.22083272,2.708333333,0.177083285,42.52238719,238.3333333,93.44791667,5.291666667,,939.6908
06/03/2016,F,1.124999734,2.208333333,0.008749997,37.26874256,307.9166667,79.94791667,6.341666619,,958.9509
07/03/2016,F,1.021874768,2.895833333,0,49.42967478,408.75,76.22916667,3.074999809,,914.0749
08/03/2016,F,2.730207761,1.791666667,0.00958333,24.62082736,184.5833333,86.90625,6.829166571,,904.5627
09/03/2016,F,3.916665276,2.677083333,0.079687477,37.06040907,99.16666667,93.90625,7.354166667,,911.0571
10/03/2016,F,4.492707014,1.46875,0.051145815,20.283849,137.0833333,94.19791667,7.352083286,,892.8304
11/03/2016,F,6.18749849,1.364583333,0.000104167,13.98853858,357.9166667,78.89583333,5.266666571,,817.4335
12/03/2016,F,7.958331029,1.572916667,0.007083331,14.69270436,356.6666667,82.65625,6.083333333,,781.2839
13/03/2016,F,8.160414378,1.333333333,0,12.60416373,394.5833333,85.9375,6.497916301,,750.4832
14/03/2016,F,4.705207189,1.916666667,0,22.85676591,553.3333333,85.30208333,5.172916214,,744.6582
15/03/2016,F,4.278123647,3.510416667,0.036249987,45.62551244,166.6666667,99.58333333,7.264582952,,792.6208
16/03/2016,F,4.494790514,3.114583333,0.017499994,41.20155287,279.5833333,97.78125,7.82499973,,821.8305
17/03/2016,F,4.382290443,1.479166667,0,19.03489057,318.75,91.26041667,7.154166222,,797.6415
18/03/2016,F,4.567707141,2.833333333,0.008749997,37.21769873,223.75,90.63541667,7.864583095,,813.056
19/03/2016,F,4.974998792,2.1875,0,28.30468162,182.0833333,82.76041667,7.866666476,,855.3894
20/03/2016,F,6.402081251,3.21875,0.001666666,37.56353283,499.5833333,80.22916667,6.435416222,,824.8462
21/03/2016,F,6.703123689,4.802083333,0,52.54530525,518.75,81.39583333,5.114582896,,743.3228
22/03/2016,F,6.537498395,3.052083333,0,34.26926327,414.5833333,86.1875,6.789583047,,747.7043
23/03/2016,F,5.914581656,2.09375,0,24.58436791,179.5833333,79.94791667,7.529166222,,769.9392
24/03/2016,F,7.032289426,3.052083333,0.006249998,31.54166031,248.3333333,82.30208333,7.264583031,,766.5348
25/03/2016,F,7.554164171,4.177083333,0,44.01613808,660.8333333,73.25,3.979166587,,725.3638
26/03/2016,F,7.920831362,4.75,0.069166642,47.46822071,193.3333333,78.69791667,6.516666571,,738.9856
27/03/2016,F,5.985867832,4.119565217,0.029891294,49.76412035,508.2608696,77.14130435,4.441304165,,825.2117
28/03/2016,F,5.212498585,4.729166667,0.011249996,56.4036328,400,81.86458333,5.408333302,,846.2725
29/03/2016,F,5.008332094,2.625,0.081249978,33.68072351,423.3333333,81.3125,5.252083302,,758.1986
30/03/2016,F,3.858331852,2.895833333,0.013333329,36.1057229,458.3333333,84.625,5.077083111,,751.7241
31/03/2016,F,4.80416542,1.75,0,23.03332567,537.9166667,78.13541667,4.289583206,,722.4991
