Date,Temp,Wind_Speed,Precip_Amount,Chill,Solar_Rad,Humidity,Cloud_Cover,Demand
01/04/2014,7.33958141009013,2.03125,0.21947910822928,21.7900975545247,392.083333333333,97.2916666666667,7.09583306312561,864.062
02/04/2014,5.2510404586792,3.22916666666667,0.019166659796611,41.0645736058553,125.416666666667,100,7.78333298365275,882.8143
03/04/2014,5.84270683924357,3.60416666666667,0.068749976810068,43.9150931040446,134.583333333333,100,7.9604164759318,891.3996
04/04/2014,7.18333141009013,2.34375,0.032187488473331,24.4046813646952,180.416666666667,98.5833333333333,6.99166627724965,862.8675
05/04/2014,9.51978913942973,2.14583333333333,0.077499973820522,16.8510370254517,295,92.8333333333333,6.52083333333333,867.4235
06/04/2014,12.706246693929,4.05208333333333,0.041249986660356,20.4671812057495,390.416666666667,85.59375,6.06874990463257,817.7664
07/04/2014,7.24687306086222,2.69791666666667,0.167916623953109,28.592702070872,202.083333333333,95.84375,6.00833320617676,786.2222
08/04/2014,7.1302064259847,6.85416666666667,0.067499980796129,72.9734207789103,761.25,82.3645833333333,4.0625,776.1907
09/04/2014,9.01978913942973,5.41666666666667,0.017499993710468,48.3895737330119,257.5,86.8020833333333,7.3125,783.6413
10/04/2014,8.92603905995687,4.69791666666667,0,40.9223845799764,597.916666666667,82.6041666666667,6.62291665871938,746.4504
11/04/2014,6.68749817212423,3.75,0.008333330353101,38.6098890304565,686.25,81.40625,4.53333306312561,726.6183
12/04/2014,8.31249777475993,5.65625,0.002083332898716,52.8463433583578,321.666666666667,75.4375,5.91666666666667,788.3115
13/04/2014,7.70416490236918,7.5,0.00124999973923,75.5020701090495,460.833333333333,77.78125,5.58124995231628,823.2831
14/04/2014,7.7635395526886,4.89583333333333,0,50.5984271367391,791.666666666667,69.8958333333333,2.94999976952871,732.0289
15/04/2014,7.68333098540704,1.6875,0,13.4505179723104,915.416666666667,70.3229166666667,3.65833290417989,691.6538
16/04/2014,9.48853913942973,2.9375,0,23.3984297116597,717.916666666667,66.8541666666667,4.60416646798452,671.1993
17/04/2014,9.21249747276306,5.875,0.009166663434977,49.3093633651733,417.5,69.6666666666667,5.52291663487752,696.526
18/04/2014,5.89999814952413,2.23958333333333,0,26.3598907788595,935.416666666667,68.5416666666667,3.82083280881246,746.992
19/04/2014,5.42812333442271,2.64583333333333,0,29.1614510218302,816.666666666667,80.96875,4.13124958674113,720.4735
20/04/2014,7.84687217076619,5.13541666666667,0.00124999973923,48.1838417053223,546.666666666667,87.3229166666667,6.95833333333333,745.3922
21/04/2014,9.72291374206543,5.6875,0.000937499804422,47.1286357243856,666.25,85.5625,6.79583326975505,733.6943
22/04/2014,8.37291391690572,4.0625,0.101666637929156,39.2078040440877,135.416666666667,98.7708333333333,7.78124976158142,693.5586
23/04/2014,11.7249967257182,2.64583333333333,0.033749987914537,14.8062468369802,617.5,84.5416666666667,5.68749984105428,641.5323
24/04/2014,9.77395566304525,2.17708333333333,0.155833293916658,16.6114543279012,733.333333333333,89.7708333333333,6.21458331743876,626.7931
25/04/2014,7.6895813147227,3.36458333333333,0.379999898762132,34.2515565554301,137.5,100,7.85416658719381,668.4083
26/04/2014,9.54270537694295,3.52083333333333,0.212499980193873,28.8932231267293,417.083333333333,93.7083333333333,6.04166658719381,686.8145
27/04/2014,8.45624756813049,3.0625,0.244999940817555,29.1807236671448,172.5,99.3333333333333,7.75833320617676,746.3662
28/04/2014,10.1562469800313,1.42708333333333,0.123333297825108,10.9802056948344,445.833333333333,95.875,7.20833333333333,661.8992
29/04/2014,10.4947889645894,1.88541666666667,0,11.7328101793925,771.25,93.2083333333333,6.49166631698608,611.5506
30/04/2014,8.54374734560649,2.77083333333333,0.062916644072781,24.9874951044718,330.833333333333,99.4583333333333,7.67708309491475,615.7749
01/05/2014,6.10937356948853,4.54166666666667,0.552916501183063,54.0098867416382,144.166666666667,98.7083333333333,7.78541660308838,686.3854
02/05/2014,6.4218735297521,3.48958333333333,0.025312490994111,38.8562428156535,872.916666666667,76.1666666666667,5.17291661103566,672.0944
03/05/2014,6.25937319795291,1.57291666666667,0,17.5156190395355,712.083333333333,75.8541666666667,6.03958300749461,640.9534
04/05/2014,11.1041638056437,3.13541666666667,0.017916660367822,17.4854124387105,586.25,84.9270833333333,7.41666666666667,632.1209
05/05/2014,11.7468719482422,2.34375,0.017812496206413,12.9614555835724,590.416666666667,76.5208333333333,6.60416666666667,564.8733
06/05/2014,11.3052050272624,3.51041666666667,0.225416584871709,21.1427048047384,868.75,79.7916666666667,5.76041658719381,552.5747
07/05/2014,9.18645509084066,4.07291666666667,0.199583276951065,34.299471060435,514.583333333333,87.7395833333333,6.14583333333333,575.3054
08/05/2014,10.1739551226298,3.97916666666667,0.07885414098079,32.235409895579,495.833333333333,89.3333333333333,6.58333333333333,566.0757
09/05/2014,9.88541380564372,5.375,0.12510412822788,41.1630144119263,726.25,88.9479166666667,5.83333333333333,565.6754
10/05/2014,9.84478863080343,2.90625,0.629166504989068,22.6109333833059,670,92.2708333333333,6.8125,577.9072
11/05/2014,9.15520620346069,3.40625,0.188437472330406,29.0802032152812,648.75,88.1041666666667,6.52083333333333,608.9733
12/05/2014,8.03853917121887,2.15625,0.10968747183991,20.7234323819478,502.083333333333,88.9479166666667,7.4333332379659,576.5932
13/05/2014,8.90208133061727,1.84375,0.153645813309898,15.6552048524221,827.916666666667,82.4895833333333,5.44166660308838,563.1079
14/05/2014,10.3552049795787,2.875,0.006249997764826,18.890619635582,852.5,78.2708333333333,5.12291657924652,536.3694
15/05/2014,12.5708303451538,3.69791666666667,0.025416657561436,19.480205376943,549.583333333333,85.59375,5.8125,516.8432
16/05/2014,13.9291621843974,3.03125,0.008333330353101,10.2723942150672,987.083333333333,79.3958333333333,4.98124953111013,473.0985
17/05/2014,14.7604130109151,3.30208333333333,0,11.2468724648158,1057.08333333333,60.1666666666667,5.55416663487752,444.9791
18/05/2014,15.5864537556966,3.05208333333333,0.000104166644936,9.24426794548829,1013.33333333333,67.3333333333333,6.35208320617676,465.6308
19/05/2014,14.038537979126,2.80208333333333,0.000312499934807,7.14218600591024,1030.83333333333,78.5833333333333,4.7333326737086,460.8196
20/05/2014,11.8031222025553,2.73958333333333,0.000833333159486,16.8999962806702,404.583333333333,93.3958333333333,6.69374926884969,488.5993
21/05/2014,13.6479126612345,2.71875,0.000520833224679,10.1666642626127,1140.41666666667,70.34375,4.23958281675975,441.0272
22/05/2014,8.81353934605916,2.52083333333333,0.644583243333424,22.539057413737,292.916666666667,92.5104166666667,6.93958322207133,493.8762
23/05/2014,7.60728979110718,5.14583333333333,0.060520811472088,53.0390491485596,214.583333333333,95.8020833333333,7.6875,540.0077
24/05/2014,9.61353874206543,5.57291666666667,0.307395744525517,46.5281136830648,212.083333333333,99.1666666666667,7.79374972979228,557.8246
25/05/2014,11.339580376943,2.67708333333333,0.112083305759976,17.4098924795787,742.5,89.3958333333333,7.02083333333333,538.2827
26/05/2014,13.5395790735881,2.60416666666667,0.007083330924312,10.513539771239,1037.5,77.0208333333333,5.49791649977366,475.314
27/05/2014,12.0510382652283,2.67708333333333,0.003437499282882,13.2203091780345,559.583333333333,84.8541666666667,6.22916662693024,470.6162
28/05/2014,10.3895805676778,4.35416666666667,0.469166517335301,32.9010362625122,177.083333333333,99.2708333333333,7.4375,500.6308
29/05/2014,10.0718722343445,3.9375,0.067499975906685,30.4078048070272,359.583333333333,87.21875,7.14583333333333,513.5172
30/05/2014,10.9781220753988,1.69791666666667,0,11.6234347820282,503.75,75.3854166666667,7.5,495.715
31/05/2014,11.6624972820282,2.09375,0,11.3416636387507,857.916666666667,82.5520833333333,5.42708309491475,459.5432
01/06/2014,13.928121248881,1.64583333333333,0.008333330353101,6.69531112536788,697.916666666667,84.7291666666667,5.67916659514109,440.4731
02/06/2014,13.8781213760376,1.30208333333333,0.405312375087912,5.40989420811335,531.666666666667,92.2291666666667,7.39583333333333,423.2066
03/06/2014,13.111455599467,2.17708333333333,0.032916654987882,9.55051891009013,569.583333333333,84.8541666666667,7.0625,439.9479
04/06/2014,11.097913424174,2.41666666666667,0.334895750740543,15.9947871367137,317.916666666667,96.8125,6.91666666666667,461.0098
05/06/2014,12.0177051226298,3.72916666666667,0.009999996594464,20.5020794868469,450.416666666667,91.5,7.02083333333333,452.9426
06/06/2014,13.6562461853027,3.42708333333333,0,17.7239548663298,1139.16666666667,75.75,3.84166630109151,414.0876
07/06/2014,12.1666630109151,3.07291666666667,0.592083161308741,16.4364550908407,413.75,90.3854166666667,5.36666643619537,429.2113
08/06/2014,14.6052044232686,1.69791666666667,0.019479159964249,4.4677070081234,921.666666666667,82.625,5.66249990463257,398.4106
09/06/2014,14.3979123433431,2.30208333333333,0.051249984263753,6.47708139941096,772.5,85.9166666666667,6.32083332538605,375.0049
10/06/2014,14.7395792007446,2.29166666666667,0.210520782896007,5.68854084114234,881.666666666667,81.40625,4.90833330154419,369.9477
11/06/2014,14.894787311554,3.59375,0.000312499934807,7.19114395479361,1159.16666666667,77.5520833333333,4.50833304723104,365.284
12/06/2014,14.9760363896688,3.84375,0,9.00156037012736,882.083333333333,79.1875,4.2895831267039,357.2642
13/06/2014,15.4635370572408,2.73958333333333,0,6.34895684818427,422.5,83.71875,7.625,372.0021
14/06/2014,15.160413424174,2.47916666666667,0.004583332066735,6.70885230600834,672.916666666667,89.4895833333333,7.04166666666667,382.9301
15/06/2014,13.0781216621399,2.25,0.024166658210258,10.7802055676778,417.083333333333,91.0729166666667,7.66666666666667,421.1988
16/06/2014,13.1312464078267,2.66666666666667,0,9.98801819483439,820.416666666667,82.2604166666667,6.41041656335195,409.2306
17/06/2014,15.1093708674113,2.08333333333333,0.017916660445432,5.2083322207133,599.166666666667,89.8645833333333,7.35416666666667,389.5674
18/06/2014,17.4354117711385,2.02083333333333,0.025416660044963,1.48802048216263,1013.75,84.2083333333333,5.15624984105428,364.1781
19/06/2014,14.4437457720439,2.70833333333333,0,9.13853971163432,922.5,80.1666666666667,6.20833333333333,369.709
20/06/2014,14.0999957720439,1.95833333333333,0,5.46822767456373,1078.33333333333,78.9583333333333,5.85624996821086,362.8692
21/06/2014,14.0031208992004,2.08333333333333,0,7.75781064728896,698.333333333333,79.90625,7.11458309491475,358.8492
22/06/2014,15.2687452634176,1.79166666666667,0,3.80104042589664,683.333333333333,77.6979166666667,7.14583333333333,362.4508
23/06/2014,14.6385380427043,2.0625,0.093749966472387,5.82291516164939,627.575757575758,90.25,7,356.9589
24/06/2014,12.9583303133647,2.86458333333333,0.017499993865689,13.1062471071879,571.818181818182,89.5568181818182,5.78749998410543,387.9591
25/06/2014,12.2135391235352,2.21875,0,10.6005182266235,906.666666666667,75.2604166666667,6.22916658719381,377.4892
26/06/2014,13.0083295504252,2.58333333333333,0,11.329163869222,898.333333333333,71.7708333333333,6.0708331267039,382.206
27/06/2014,12.0802049636841,2.79166666666667,0,15.2911416689555,471.25,72.3958333333333,7.33124995231628,391.9781
28/06/2014,11.4468715985616,2.58333333333333,0.012187496138116,16.0348919232686,630.416666666667,81.34375,7.0625,398.1744
29/06/2014,11.4072883923848,2.77083333333333,0.0128124957749,17.0499957402547,707.5,80.8541666666667,6.5625,412.05
30/06/2014,12.3947887420654,1.83333333333333,0,8.40416399637858,902.5,76.875,6.67916663487752,390.4913
01/07/2014,14.2999951044718,2.29166666666667,0.000729166514551,6.32551943759124,1072.08333333333,72.3229166666667,5.55833315849304,377.7194
02/07/2014,15.0083287556966,3.0625,0.000833333159486,5.99218578139941,700,74.40625,3.92499987284342,355.1588
03/07/2014,15.6572864850362,3.23958333333333,0.017812493645276,6.63281078636646,733.75,79.1354166666667,5.83333333333333,355.8104
04/07/2014,15.7635378837585,3.0625,0.299166614422575,6.37031088272731,462.083333333333,86.8958333333333,7.04166666666667,365.1903
05/07/2014,13.5927047729492,3.36458333333333,0.585937369925281,12.4833303292592,875,80.5,5.64374983310699,383.387
06/07/2014,11.5979137420654,1.69791666666667,0.017499993788078,9.6067681312561,599.583333333333,84.3020833333333,5.73958317438761,398.919
07/07/2014,13.4218703905741,2.19791666666667,0.034583323557551,7.27499792476495,867.5,79.9270833333333,3.63333328564962,384.8494
08/07/2014,13.1708294550578,2.33333333333333,0.051562481559813,9.68801848093669,582.083333333333,91.53125,5.87291665871938,403.4523
09/07/2014,14.9135373433431,3.33333333333333,0,9.77864367763201,1192.91666666667,75.40625,4.04583279291789,365.3936
10/07/2014,13.9906215667725,2.89583333333333,0,10.3239565392335,1101.66666666667,80.1354166666667,4.27291609843572,368.0981
11/07/2014,15.9968711535136,1.83333333333333,0,3.73385343949,906.25,79.3645833333333,5.47083330154419,347.416
12/07/2014,17.9072866439819,1.54166666666667,0.029999994284784,2.69687440494696,908.75,77.1770833333333,5.32708330949148,325.6494
13/07/2014,16.5958280563354,2.84375,0.191145787403608,3.93854034940402,528.333333333333,87.7916666666667,6.95833333333333,383.2147
14/07/2014,14.5958280563355,2.82291666666667,0.027187490447735,9.31874865293503,727.5,83.2604166666667,4.7979166507721,372.3665
15/07/2014,14.9802037874858,3.97916666666667,0.000833333159486,12.3177057554324,1055,76.625,4.30208325386047,377.3649
16/07/2014,15.0020782152812,2.29166666666667,0.069166648279255,6.00885271156828,643.75,84.1770833333333,5.09583326180776,379.5631
17/07/2014,16.7999946276347,2.40625,0,4.62708217899005,956.25,77.6145833333333,3.7124996582667,362.7437
18/07/2014,16.4927035967509,4.44791666666667,0,5.5223949054877,748.333333333333,81.875,4.71666661898295,365.0229
19/07/2014,17.2489515940348,2.09375,0.117916636945059,2.03229116772612,400.416666666667,94.3020833333333,6.69166660308838,314.353
20/07/2014,18.211452960968,2.375,0.008333330353101,2.1322910686334,630,86.0208333333333,5.8666664759318,345.4471
21/07/2014,16.9791623751322,2.54166666666667,0,4.88906133174896,923.75,80.5,4.72916622956594,344.1567
22/07/2014,17.6729118029277,2.51041666666667,0,4.11510344346364,1065.83333333333,76.0208333333333,4.46874932448069,327.1399
23/07/2014,16.3270789782206,2.53125,0,4.07708235085011,789.166666666667,86.5520833333333,6.56041661898295,344.1812
24/07/2014,17.1791612307231,2.33333333333333,0,3.3979154030482,1057.08333333333,82.4166666666667,6.43333315849304,338.2146
25/07/2014,17.9187455177307,2,0,2.53802005449931,1066.66666666667,77.1666666666667,5.3291662534078,331.121
26/07/2014,19.195827960968,2.4375,0.017083329691862,3.6114574149251,1020.41666666667,71.6875,4.55208301544189,310.4995
27/07/2014,15.1864541371663,4.40625,0.317499951071416,11.3171853224436,699.166666666667,81.7916666666667,5.09791656335195,335.016
28/07/2014,15.3177035649618,1.78125,0,4.35937347014745,1069.58333333333,76,3.52916638056437,328.1348
29/07/2014,15.3104108174642,4.04166666666667,0.000833333159486,8.2505192955335,686.25,79.9895833333333,5.22708328564962,334.6323
30/07/2014,15.6885368029277,5.67708333333333,0.000833333159486,12.3489556809266,749.583333333333,79.6041666666667,4.39583333333333,339.2831
31/07/2014,15.8937460581462,2.9375,0.009583330014721,4.52343640724818,642.916666666667,79.5208333333333,5.53333330154419,342.5527
01/08/2014,14.7718717257182,1.86458333333333,0.718333153519779,5.79635254542033,380.416666666667,89.2083333333333,6.35416666666667,352.6124
02/08/2014,15.26145362854,2.41666666666667,0.451666557230055,5.17499882231156,372.5,95.1354166666667,7.13333320617676,318.5998
03/08/2014,14.2187452316284,3.14583333333333,0.050520817749202,9.07916444540024,601.25,84.5625,5.14583317438761,332.4035
04/08/2014,14.2614545822144,3.36458333333333,0.000520833224679,9.68072744210561,836.25,75.3645833333333,4.69166652361552,344.0666
05/08/2014,14.3479120731354,2.46875,0,26.7723900526762,895.416666666667,75.9791666666667,3.88541646798452,329.4369
06/08/2014,16.8645782470703,2.9375,0.817499705202257,5.34843616684278,644.583333333333,86.6666666666667,5.15208319822947,335.275
07/08/2014,14.9520792961121,3.70833333333333,0,10.9578101535638,945.833333333333,71.6145833333333,2.73958301544189,326.9266
08/08/2014,13.9010376930237,2.54166666666667,0.125833285817256,6.02864427864552,582.5,85.375,5.25,335.0456
09/08/2014,14.5708289146423,4.38541666666667,0.008749996932844,12.5640600919724,803.333333333333,79.1666666666667,4.81458324193955,314.2684
10/08/2014,13.2708304723104,3.21875,0.189062448528906,15.2947881221771,282.5,90.75,6.85416666666667,346.3579
11/08/2014,13.2145799001058,8.52083333333333,0.10197913638937,40.7005155881246,810.833333333333,79.59375,4.52916665871938,351.2128
12/08/2014,12.9666633605957,4.90625,0.030104156273107,23.8802032470703,705,81.8125,6.3125,346.5406
13/08/2014,14.840620358785,5.70833333333333,0.060729158731798,17.107287367185,849.166666666667,79.3645833333333,5.8125,339.0888
14/08/2014,13.3187464078267,3.01041666666667,0.227812430898969,14.5437468290329,505,88.53125,6.9375,340.2559
15/08/2014,12.9072885513306,2.1875,0.001666666318973,10.4619764486949,563.75,82.2708333333333,5.91666666666667,336.4724
16/08/2014,12.8874972661336,5.57291666666667,0.028333325792725,26.1354115804036,378.75,82.65625,7.16666666666667,328.4883
17/08/2014,12.597913424174,7.80208333333333,0.026041657586272,39.317699432373,882.5,80.3333333333333,5.5,338.8569
18/08/2014,12.0927054087321,3.55208333333333,0.081458318047226,20.0484331448873,723.75,75.9166666666667,5.5625,350.4711
19/08/2014,10.6843719482422,3.10416666666667,0.016874994073684,22.0161395072937,615.833333333333,76.21875,5.29374992847443,349.5006
20/08/2014,11.3562473456065,3.01041666666667,0.00124999973923,17.6380160649618,636.666666666667,72.4895833333333,6.58333333333333,349.49
21/08/2014,11.2291630109151,3.5,0.143333283718675,21.1255149841309,406.25,83.3958333333333,6.625,363.8803
22/08/2014,10.5322891076406,2.79166666666667,0.080833315849304,18.5765578746796,710.416666666667,80.40625,6.14583333333333,358.4311
23/08/2014,9.60312175750732,2.07291666666667,0.493749845617761,17.2020790576935,593.333333333333,87.96875,6.35416666666667,331.0768
24/08/2014,10.4739563465118,2.51041666666667,0,17.4651007652283,607.916666666667,76.0729166666667,4.67708325386047,340.0293
25/08/2014,11.1874970595042,3.51041666666667,0,16.5833302338918,475,84.3854166666667,6.22083314259847,332.8853
26/08/2014,12.1520810127258,4,0,21.5765585899353,679.583333333333,78.5,5.62083331743876,349.9594
27/08/2014,12.0260384877523,2.9375,0,14.0005173683167,618.333333333333,82.6041666666667,5.75416664282481,355.3959
28/08/2014,15.3010381062826,3.13541666666667,0.025833324063569,9.75624716281891,598.333333333333,77.8958333333333,4.88749992847443,348.5211
29/08/2014,14.7697871526082,3.46875,0.128749966388568,10.3864555209875,567.083333333333,77.8333333333333,5.47916658719381,355.1596
30/08/2014,14.4718715349833,6.15625,0.024999991059303,19.4432259152333,761.25,74.7916666666667,4.91041664282481,333.6155
31/08/2014,14.1499956448873,3.94791666666667,0.004166665176551,17.1802065943678,702.5,75.9166666666667,4.29791657129924,352.5599
01/09/2014,13.6166637738546,2.13541666666667,0.117499966717636,8.3749981323878,412.5,83.90625,7.29166666666667,395.6053
02/09/2014,13.0291625658671,2.23958333333333,0,10.2145801881949,803.333333333333,80.46875,5.08333277702332,362.3034
03/09/2014,15.3895788192749,1.91666666666667,0,3.58541558186213,486.666666666667,79.9895833333333,7.42916663487752,359.1137
04/09/2014,16.4916617075602,2.25,0,3.6302073871096,653.75,80.0729166666667,5.47291644414266,348.1035
05/09/2014,15.0260376930237,1.91666666666667,0.218749918043613,6.10676928361257,617.083333333333,87.6770833333333,6.85833311080933,329.532
06/09/2014,12.7239549954732,1.875,0.257083241362125,9.46562286218007,329.583333333333,88.125,6.47916666666667,368.9303
07/09/2014,12.1312465667725,2.70833333333333,0.008333330353101,14.3046841621399,645.833333333333,80.5833333333333,4.6833332379659,393.7808
08/09/2014,11.0291639963786,2.23958333333333,0,15.4322878917058,534.166666666667,81.2083333333333,6.7416664759318,406.2713
09/09/2014,12.1083301703135,1.625,0,7.51822745800018,623.333333333333,83.7604166666667,5.56458322207133,396.6097
10/09/2014,12.7854129473368,1.84375,0,7.35364378988743,652.5,87.2708333333333,5.39999977747599,395.8747
11/09/2014,12.948955376943,1.875,0.008333330353101,8.45208153128624,600.416666666667,85.34375,5.88333296775818,400.2249
12/09/2014,12.8260377248128,1.5,0,5.7708317960302,680,82.40625,3.93749980131785,380.5135
13/09/2014,12.7666626771291,1.83333333333333,0,7.64843567709128,626.666666666667,81.1979166666667,4.07916653156281,372.4068
14/09/2014,12.9937467575073,3.4375,0.009166663512588,15.8557252883911,197.916666666667,89.25,7.27083333333333,424.9032
15/09/2014,13.6666638056437,3.27083333333333,0.151354134858896,14.4874962170919,119.583333333333,98.0208333333333,7.56874990463257,439.8241
16/09/2014,14.0854132970174,2.09375,0.009062496867652,7.7124977906545,318.333333333333,93.4583333333333,7.375,428.4627
17/09/2014,14.0447878837585,1.97916666666667,0.000416666579743,7.03593560059865,202.5,92.1875,7.90208331743876,435.3959
18/09/2014,14.6395802497864,2.75,0.033854154481863,9.01874804496765,173.333333333333,98.375,7.74583307902018,433.5265
19/09/2014,13.8187473615011,1.82291666666667,0.029374989525725,7.66979014873505,110,97.0729166666667,8,442.8646
20/09/2014,12.3083305358887,1.76041666666667,0.027187490370125,9.71718502044678,159.166666666667,94.40625,7.03541664282481,469.0253
21/09/2014,10.0031224091848,1.98958333333333,0.008645830287909,15.1958296298981,327.083333333333,86.5625,5.08541651566823,478.3747
22/09/2014,11.1562473773956,3.35416666666667,0,17.4661419391632,515,84.5520833333333,5.52083333333333,460.44
23/09/2014,11.8697883288066,2.29166666666667,0.052499982683609,14.0598920981089,166.666666666667,90.9479166666667,6.44583328564962,467.5981
24/09/2014,11.8916637102763,3.20833333333333,0.109062463433171,19.5020789305369,492.916666666667,81.8125,6.26249996821086,465.8374
25/09/2014,13.6354126930237,5.40625,0.000520833224679,18.9046824773153,300.416666666667,85.7916666666667,6.4958332379659,462.3486
26/09/2014,13.681246360143,5.40625,0.000729166514551,18.8213500976563,569.583333333333,72.21875,4.26874987284343,444.021
27/09/2014,11.4302052656809,2.19791666666667,0,12.7192676067352,380.416666666667,79.6979166666667,4.76249976952871,461.9519
28/09/2014,14.4802042643229,1.70833333333333,0,5.37031081815561,292.916666666667,82.5104166666667,6.875,471.9402
29/09/2014,13.6937454541524,1.45833333333333,0,5.95104017108679,470.833333333333,87.1979166666667,5.31458310286204,453.7122
30/09/2014,14.4020794232686,1.89583333333333,0.002187499388432,5.03124867876371,390,82.125,4.94583304723104,430.9661
01/10/2014,13.1572896639506,3.14583333333333,0.008229164251437,12.2494770685832,311.25,82.34375,4.35208296775818,448.769
02/10/2014,9.4031229019165,2.38541666666667,0,17.8916634718577,527.083333333333,75.0833333333333,3.51874959468842,464.8771
03/10/2014,15.528120358785,3.64583333333333,0.002083332588275,8.46041480700175,270.833333333333,73.8125,5.1875,464.5754
04/10/2014,10.1177052656809,3.875,0.307083241951962,28.7552040417989,220.416666666667,87.8958333333333,5.57708323001862,541.8537
05/10/2014,8.76353919506073,2.8125,0,21.8843701680501,424.583333333333,82.1145833333333,4.30624973773956,552.7126
06/10/2014,9.20416378974915,4.1875,0.376666586690893,37.2005139986674,69.5833333333333,88.1145833333333,7.5625,603.4702
07/10/2014,7.64791476726532,3.48958333333333,0.009583330092331,33.0213468869527,390.416666666667,85.1354166666667,5.2291663090388,579.9807
08/10/2014,9.30624715487162,2.375,0.135833305927614,20.0859305858612,255.833333333333,86.28125,4.56458310286204,592.8681
09/10/2014,9.80937178929647,2.80208333333333,0.100416643312201,22.6192636489868,190.416666666667,91.4583333333333,5.9375,596.366
10/10/2014,10.1239557266235,2.20833333333333,0.009166663434977,16.5135378042857,385.416666666667,84.6770833333333,5.09374996026357,566.3396
11/10/2014,7.8041646083196,1.47916666666667,0.008749996855234,14.0234344800313,365.416666666667,91.4895833333333,3.82083316644033,611.5014
12/10/2014,8.12291471163432,2.01041666666667,0.018749993294478,18.7333289782206,372.916666666667,89.3333333333333,3.83958303928375,617.9108
13/10/2014,8.72708058357239,5.05208333333333,0,41.8031147321065,236.666666666667,88.9270833333333,5.58333333333333,632.204
14/10/2014,9.59583044052124,5.59375,0.009687496659656,46.2416559855143,107.5,83.3229166666667,7.34375,645.4199
15/10/2014,9.16666420300802,3.14583333333333,0.000104166644936,26.859369913737,279.583333333333,87.8958333333333,5.8125,632.6147
16/10/2014,10.6572890281677,3.38541666666667,0.318229084912067,24.7432242234548,92.0833333333333,97.8958333333333,7.22291660308838,641.4601
17/10/2014,12.9656213124593,2.15625,0.061354150840392,9.60051852464676,376.25,90.4479166666667,5.50833328564962,590.6719
18/10/2014,15.4291626612345,3.67708333333333,0.044895817292854,9.63906018435955,242.083333333333,83.0833333333333,5.28749986489614,575.3171
19/10/2014,13.4239549636841,5.375,0.094687476366138,24.1671822865804,362.5,81.59375,4.21875,612.1637
20/10/2014,10.5687478383382,3.21875,0.060729150194675,23.45676612854,197.083333333333,88.4375,5.39583333333333,623.4424
21/10/2014,9.14166363080343,7.69791666666667,0.076249985257164,69.0171772638957,362.083333333333,73.4895833333333,4.62916656335195,646.931
22/10/2014,8.97395618756612,5.22916666666667,0.002916666058203,46.7031153043111,126.666666666667,84.1770833333333,5.69166648387909,685.1876
23/10/2014,12.8312465349833,3.04166666666667,0.002499999090408,16.0005163351695,176.25,79.8333333333333,6.99374993642171,652.8904
24/10/2014,9.66978891690572,2.58333333333333,0.00739583085912,20.9005166689555,265.416666666667,83.1041666666667,5.19166664282481,648.2879
25/10/2014,10.5062477588654,3.53125,0.000520833224679,24.5901004473368,236.25,77.5729166666667,4.27708331743876,682.4533
26/10/2014,13.0789963531494,5.06,0.003199999332428,23.9929946899414,138.8,73.99,6.18,755.188
27/10/2014,15.2999958992004,4.27083333333333,0.002083332898716,11.3843730290731,105.833333333333,81.1875,6.79166666666667,663.1019
28/10/2014,12.3197886546453,3.38541666666667,0.368333244075378,16.5130168596904,132.5,84.9791666666667,6.27083333333333,639.206
29/10/2014,5.23333179950714,1.95833333333333,0,25.8083276748657,280.416666666667,86.1458333333333,4.13749953111013,722.7682
30/10/2014,11.4947887261709,2.45833333333333,0.159166619647294,16.0942669312159,133.333333333333,93.0208333333333,6.59583330154419,712.714
31/10/2014,15.3687451680501,3.1875,0,8.11353931824366,168.333333333333,85.1354166666667,5.66666662693024,648.9884
01/11/2014,12.1937468846639,4.11458333333333,0.015833327701936,23.5458286603292,230.833333333333,79.78125,5.87499984105428,687.1134
02/11/2014,10.0885388851166,3.03125,0.009062496712431,23.3156196276347,221.666666666667,78.75,3.12499988079071,752.0537
03/11/2014,7.39895657698313,2.35416666666667,0.017499993788078,24.3947861989339,226.666666666667,80.1041666666667,5.48958325386047,740.2123
04/11/2014,4.5687488305072,2.42708333333333,0.238749935834979,31.0812420845032,186.666666666667,94.65625,5.02708331743876,794.5835
05/11/2014,4.42604053765535,2.22916666666667,0.104999967385083,29.1484314600627,179.166666666667,90.25,4.14166653156281,830.6203
06/11/2014,5.11562350764871,4,0.110416632300864,48.2812423706055,82.5,90.2708333333333,7.12291661898295,894.8172
07/11/2014,8.53333075841268,4.125,0.143854129128158,37.9817620913188,72.5,93.0104166666667,6.19791666666667,852.7013
08/11/2014,7.36874794960022,2.57291666666667,0.044166654891645,26.835410118103,97.5,91.1979166666667,5.50833332538605,886.1768
09/11/2014,6.94583082199097,1.60416666666667,0,18.0348906517029,171.25,90.6979166666667,5.96666649977366,875.8103
10/11/2014,3.79479069759448,1.51041666666667,0.008749996932844,20.6744731267293,71.25,99.1041666666667,6.2458332379659,884.3699
11/11/2014,9.41353885332743,3.89583333333333,0.010312496529271,33.0171801249186,92.9166666666667,91.125,7.35833326975505,851.4381
12/11/2014,9.38853875796,3.8125,0.054062480805442,33.2281182607015,78.3333333333333,93.8020833333333,6.51874991257985,828.6993
13/11/2014,9.18853910764059,4.27083333333333,0.009583330014721,36.0979080200195,51.6666666666667,90.3958333333333,7.16666666666667,831.5205
14/11/2014,9.44478877385457,3.52083333333333,0.584166527337705,28.0843682289124,46.25,96.5,6.42499995231628,820.5182
15/11/2014,6.84687320391337,1.65625,0.006249997764826,18.5453074773153,80,99.625,7.62291646003723,879.8926
16/11/2014,4.63437376419703,1.84375,0.181249960015217,23.8234313329061,98.3333333333333,99.9895833333333,6.39374971389771,925.0808
17/11/2014,9.1770806312561,5.01041666666667,0.42749987449497,44.4713465372721,61.25,98.375,7.16666666666667,865.0641
18/11/2014,9.09999696413676,2.94791666666667,0.042499992297962,26.1223888397217,115.416666666667,97.5416666666667,7.04166666666667,826.7671
19/11/2014,9.00833026568095,3.15625,0.252812436781824,28.1833244959513,84.5833333333333,97.125,6.70833333333333,824.7056
20/11/2014,7.25833110014598,1.4375,0,14.8515586853027,112.5,97.5104166666667,6.18541638056437,821.1303
21/11/2014,6.68645644187927,2.86458333333333,0.155416637115801,31.6588452657064,62.9166666666667,96.21875,6.84791652361552,858.3262
22/11/2014,8.46353928248088,2.52083333333333,0.361249951490511,24.6343675454458,83.3333333333333,94.6041666666667,5.51041666666667,880.3814
23/11/2014,5.81666541099548,3.54166666666667,0,44.0473845799764,133.75,93.4791666666667,4.50416656335195,915.5351
24/11/2014,5.04791518052419,3.69791666666667,0.008333330353101,48.1551977793376,103.333333333333,91.5625,5.05208325386047,911.0618
25/11/2014,4.05208247900009,1.53125,0,21.3484326998393,121.25,94.34375,6.37291653951009,928.1805
26/11/2014,4.78854016462962,1.29166666666667,0.295312427605192,16.9041617711385,32.9166666666667,99.7916666666667,7.1875,947.1317
27/11/2014,7.25208115577698,1.88541666666667,0.086145804108431,20.013014793396,34.1666666666667,99.96875,7.68124993642171,914.7452
28/11/2014,7.80728912353516,2.84375,0.054166647062327,27.9635340372721,26.25,99.6666666666667,7.66041660308838,886.9574
29/11/2014,8.73541339238485,2.1875,0.048333316032464,20.2807246843974,42.0833333333333,98.1770833333333,7.95833333333333,903.8605
30/11/2014,8.35208058357239,2.77083333333333,0.001562499674037,26.8552028338114,97.9166666666667,92.7083333333333,5.71874992052714,886.9468
01/12/2014,7.5062480767568,1.69791666666667,0.008333330353101,17.5854126612345,47.0833333333333,95.7395833333333,7.58333333333333,859.1972
02/12/2014,2.96979091316462,2.80208333333333,0.042499989814436,40.6848850250244,112.5,88.7708333333333,3.36458319425583,926.8744
03/12/2014,0.809374765182535,2.19791666666667,0.008333330353101,37.8734296162923,134.583333333333,96.6041666666667,3.65208288530509,990.9618
04/12/2014,0.740624868621429,1.625,0.068333311316868,28.411449432373,46.6666666666667,99.53125,6.61874985694885,1037.0785
05/12/2014,1.78541609272361,3.21875,0.008333330353101,50.360408782959,110.833333333333,93.1979166666667,4.62708314756552,1011.8004
06/12/2014,3.03437441587448,2.60416666666667,0.055416649440303,36.5260349909464,81.6666666666667,92.625,5.1624998152256,1079.377
07/12/2014,4.70104032754898,7.91666666666667,0.103333296254277,106.799459139506,116.666666666667,87.75,4.85208320617676,1052.0596
08/12/2014,1.86145789983372,6.30208333333333,0.008749996932844,100.132266362508,111.25,89.375,2.55833315849304,1049.5265
09/12/2014,4.34999875103434,5.15625,0.071249970622982,60.7749862670898,42.5,89.6875,6.09999986489614,1059.7692
10/12/2014,3.96458208560944,7.92708333333333,0.158020802773535,111.12601852417,84.5833333333333,79.3958333333333,5.45416657129924,1050.2079
11/12/2014,1.88645787040393,7.16666666666667,0.365833239707475,115.150496164958,106.666666666667,88.2083333333333,5.07499969005585,1078.4143
12/12/2014,1.59791613618533,4.52083333333333,0.000833333159486,72.7864427566528,116.25,89.1979166666667,4.99791640043259,1076.7262
13/12/2014,0.761458087712526,3.15625,0.019999992878487,53.7885271708171,103.75,89.9166666666667,5.06249964237213,1140.1782
14/12/2014,5.54062378406525,4.39583333333333,0.036666653739909,54.4390576680501,51.25,86.8958333333333,6.4187494913737,1081.5269
15/12/2014,3.42812403043111,4.70833333333333,0.018645826804762,68.2942587534587,109.166666666667,89.6666666666667,5.22916666666667,1033.8381
16/12/2014,3.52604075272878,4.11458333333333,0.188333273477232,59.2749872207642,116.25,88.1666666666667,4.98749987284343,1045.1486
17/12/2014,9.37083021799723,6.02083333333333,0.035833320813254,50.7202978134155,57.9166666666667,94.125,6.83333333333333,981.4169
18/12/2014,10.1145803928375,7.21875,0.043437486126398,57.3374834060669,42.0833333333333,91.03125,6.30208325386047,894.1696
19/12/2014,4.62083180745443,8.94791666666667,0.111770797055215,120.037996927897,105,83.7395833333333,3.45624987284342,943.5685
20/12/2014,5.55520661671956,8.22916666666667,0.026249990565702,102.903620402018,109.166666666667,85.34375,4.34166653951009,1032.1687
21/12/2014,9.24687321980794,6.66666666666667,0.020833326193194,51.1890538533529,37.0833333333333,86.9583333333333,7.1875,998.4303
22/12/2014,10.1958297093709,8.40625,0.295312406883265,63.9562346140544,55.4166666666667,93.5,6.83333333333333,929.6365
23/12/2014,7.74270629882813,4.76041666666667,0.252916593415042,45.4484262466431,23.75,97.28125,7.125,936.1092
24/12/2014,4.67291533946991,7.95833333333333,0.009895829949528,106.202584584554,121.666666666667,86.1979166666667,3.51249976952871,978.2136
25/12/2014,2.99895765384038,3.25,0.009999996516854,47.3869686126709,72.5,93.1145833333333,5.92708325386047,1000.5259
26/12/2014,0.833333079392711,1.375,0.025416657561436,23.6411377588908,59.1666666666667,100,6.38541650772095,999.5979
27/12/2014,0.559374823545416,2.5,0.135416626930237,43.8604046503703,55,97.4583333333333,5.27083325386047,1086.4108
28/12/2014,0.146874938160181,2.30208333333333,0.143749951074521,40.5150950749715,122.916666666667,96.5,4.52291615804036,1104.9998
29/12/2014,-0.04374997317791,3.27083333333333,0.016666660706202,58.0609270731608,89.5833333333333,96.2395833333333,5.93124922116597,1114.585
30/12/2014,3.64479071895281,3.89583333333333,0.008333330353101,53.5676968892415,97.0833333333333,88.5625,4.38541618982951,1079.8912
31/12/2014,6.50728976726532,3.61458333333333,0.008333330353101,40.2494695981344,73.75,85.03125,4.71249985694885,1049.1468
01/01/2015,10.5468718210856,6.375,0.062187477868671,45.3234284718831,48.75,84.75,4.86874993642171,977.6738
02/01/2015,4.35937376817067,9.09375,0.159166620889058,123.108832041423,113.75,83.1041666666667,3.106249888738,987.4783
03/01/2015,3.36145744410654,4.51041666666667,0.00124999973923,61.824987411499,69.1666666666667,85.1666666666667,4.64999985694885,1049.8296
04/01/2015,1.37916618213058,2.65625,0.008333330353101,42.4734284083049,134.583333333333,88.3645833333333,4.13749961058299,1098.5051
05/01/2015,6.30208146572113,2.44791666666667,0.008333330353101,29.0244720776876,79.5833333333333,89.2916666666667,6.44791654745738,1028.713
06/01/2015,5.20520687103272,3.54166666666667,0.010520829741533,44.7380086580912,93.75,90.21875,4.96249993642171,1008.2816
07/01/2015,7.17603967587153,5.55208333333333,0.019583326453964,55.6479008992513,46.6666666666667,84.4479166666667,5.75624990463257,1005.7469
08/01/2015,5.52708188692729,5.96875,0.009999996672074,73.7244612375895,125.833333333333,78.90625,3.52916638056437,987.3144
09/01/2015,8.3802064259847,9.1875,0.02166665943029,83.7554483413696,71.6666666666667,80.46875,6.39583333333333,979.9871
10/01/2015,5.26874866088231,9.13541666666667,0.20614576463898,117.177056630452,122.5,86.6666666666667,4.8125,1029.6843
11/01/2015,3.99166578054428,8.48958333333333,0.11083330012237,119.883307139079,65,87.5104166666667,5.95833333333333,1109.2958
12/01/2015,5.48437343041102,7.46875,0.095312473441785,90.3510214487712,125.833333333333,79,4.43124977747599,1016.8983
13/01/2015,2.08020787313581,3.84375,0.053749987467503,60.98175684611,101.25,83.6979166666667,3.76458326975505,1038.7361
14/01/2015,1.73333287114898,5.1875,0.077395817032084,83.381752649943,147.083333333333,83.03125,4.3416664203008,1085.851
15/01/2015,4.68020713329315,6.9375,0.203333269261445,92.4369627634684,120.833333333333,80.40625,5.01666637261709,1058.2077
16/01/2015,1.99479092160861,7.09375,0.004583331989124,112.869249979655,102.083333333333,81.8645833333333,2.6124997138977,1087.706
17/01/2015,1.1343746582667,3.71875,0.029062490056579,62.3546746571859,114.166666666667,91.5625,4.82916657129924,1143.7936
18/01/2015,0.085416694482168,3.55208333333333,0.07666665300106,63.4046713511149,51.6666666666667,90.875,5.918749888738,1197.8851
19/01/2015,0.095833313340942,2.41666666666667,0.064166646838809,43.2666560808818,66.6666666666667,96.3541666666667,6.91666666666667,1145.9945
20/01/2015,-0.236458259324233,1.48958333333333,0.018333327025175,26.9770793914795,98.75,93.8020833333333,6.9604164759318,1135.4049
21/01/2015,0.661458118508259,2.19791666666667,0.011249996333694,38.1104056040446,54.1666666666667,93.4895833333333,7.36458333333333,1147.5772
22/01/2015,-0.149999963740508,1.125,0,20.0557233492533,87.5,93.8645833333333,6.44583320617676,1123.6025
23/01/2015,3.21666599313418,4.13541666666667,0.002499999478459,58.648946762085,61.6666666666667,88.46875,6.40208331743876,1112.1974
24/01/2015,2.73020742336909,6.33333333333333,0,96.5130011240641,198.75,87.96875,3.97499962647756,1126.9052
25/01/2015,7.00208163261414,5.32291666666667,0.05041665242364,59.5588432947795,84.1666666666667,86.2916666666667,7.1875,1093.5517
26/01/2015,4.61874882380168,6.02083333333333,0.054999980299423,81.4400854110718,186.666666666667,89.25,4.37291626135508,1009.2384
27/01/2015,5.3749985297521,5.30208333333333,0.00124999973923,66.5192584991455,78.3333333333333,90.59375,7.28333330154419,1013.1362
28/01/2015,3.31249907116095,7.58333333333333,0.295937412418425,114.793715794881,139.166666666667,89.6770833333333,5.91249998410543,1064.7812
29/01/2015,-0.233333277205626,6.8125,0.063333318801597,123.227054595947,157.083333333333,92.5104166666667,5.82916649182638,1131.8418
30/01/2015,0.018749988948305,5.4375,0.000833333159486,95.8937295277913,214.166666666667,88.8645833333333,4.88749969005585,1120.3085
31/01/2015,1.90208272387584,5.80208333333333,0.08583330657954,93.4588368733724,168.333333333333,82.1770833333333,5.29166666666667,1162.4405
01/02/2015,0.407291599859794,4.80208333333333,0.027395823737606,83.9406083424886,232.916666666667,77.0416666666667,4.56041657924652,1208.7047
02/02/2015,-1.1041664990286,3.44791666666667,0,65.7499834696452,159.583333333333,79.0520833333333,4.36874977747599,1158.2833
03/02/2015,-0.913541475310922,2.78125,0.010937496398886,51.7359259923299,190,88.34375,4.4395830432574,1156.1617
04/02/2015,0.36874986688296,3.08333333333333,0.126145799566681,54.4859224955241,155,83.4166666666667,5.3291666507721,1149.621
05/02/2015,2.49895765880744,2.27083333333333,0.036249989566083,35.4400965372721,91.6666666666667,89.28125,7.375,1115.8674
06/02/2015,2.33749949807922,1.3125,0.025312490916501,20.6927032470703,124.166666666667,98.3333333333333,7.57083320617676,1080.6882
07/02/2015,0.665624723459283,2.04166666666667,0,33.639575958252,231.25,95.75,6.04791561762492,1098.6735
08/02/2015,1.82708282147845,4.44791666666667,0.008333330353101,69.2260258992513,254.583333333333,93.125,5.19374974568685,1114.5333
09/02/2015,4.7020822763443,6.65625,0,88.6718610127767,269.166666666667,93.71875,5.35416658719381,1029.6666
10/02/2015,3.26874906321367,5.05208333333333,0.008333330353101,73.1229019165039,244.166666666667,95.9895833333333,6.98541657129924,1023.4177
11/02/2015,2.38854099313418,2.85416666666667,0,45.433322429657,210.416666666667,92.0729166666667,7.875,1069.5736
12/02/2015,3.63541587193807,1.8125,0.000833333159486,25.4005153973897,129.166666666667,88.1666666666667,7.35416666666667,1036.9735
13/02/2015,3.49270715316137,3.82291666666667,0.002187499543652,55.8484242757161,70.4166666666667,93.78125,7.52083333333333,1051.3728
14/02/2015,5.64062325159709,2.57291666666667,0.006666664344569,31.6192626953125,155.416666666667,98.90625,7.60416666666667,1037.0258
15/02/2015,5.24999872843425,2.88541666666667,0.000416666579743,36.9848885536194,126.25,95.1041666666667,7.70833333333333,1039.8618
16/02/2015,4.23020698626836,4.13541666666667,0.118333297160765,56.7755053838094,132.916666666667,91.2916666666667,5.44583318630854,987.2058
17/02/2015,3.84583228950699,4.10416666666667,0.008333330353101,56.6734237670898,229.166666666667,83.8125,5.71458319822947,999.2766
18/02/2015,8.10624742507935,5.11458333333333,0.000416666579743,50.0906155904134,161.25,79.4270833333333,6.22708332538605,951.3403
19/02/2015,6.2072900334994,4.45833333333333,0.034999990137294,50.2921756108602,174.583333333333,81.53125,5.30416651566823,936.6173
20/02/2015,3.08333267768224,4.6875,0.00124999973923,69.0984230041504,282.916666666667,85.9479166666667,4.59374992052714,970.6698
21/02/2015,1.8041661499689,5.02083333333333,0.008333330353101,80.319252649943,357.5,86.0833333333333,3.90833310286204,1026.6163
22/02/2015,2.61979089056452,4.07291666666667,0.1245832767648,59.4942537943522,112.083333333333,91.1979166666667,5.74166663487752,1117.7433
23/02/2015,2.91249910990397,5.6875,0.129895801811169,85.2505016326904,286.666666666667,83.4479166666667,3.34791648387909,1046.0061
24/02/2015,2.85416593154271,8.9375,0.119270803329224,134.780172983805,350.833333333333,87.21875,3.42499983310699,1046.0889
25/02/2015,5.45833178361257,2.48958333333333,0.024999991214524,30.6187411944071,233.333333333333,87.6770833333333,6.50833320617676,991.2127
26/02/2015,6.0729147195816,5.22916666666667,0.22666660300456,63.5031080245972,264.583333333333,84.9583333333333,5.04583319028219,956.3873
27/02/2015,3.66874905427297,5.14583333333333,0,75.0952978134155,318.75,80.3854166666667,5.14374991257985,966.7782
28/02/2015,7.30833148956299,4.86458333333333,0.024999991059303,51.5150912602743,182.5,82.2395833333333,6.95833333333333,976.9865
01/03/2015,4.61249866088231,8.09375,0.041666651765506,107.82080968221,296.25,77.3958333333333,4.80416659514109,1029.4353
02/03/2015,2.0697910686334,7.04166666666667,0.016666660706202,110.330707550049,275.416666666667,83.4583333333333,2.75416660308838,1003.8281
03/03/2015,2.41354099288583,6.23958333333333,0.033333321412404,95.1182022094727,375.833333333333,79,3.03124984105428,1022.0216
04/03/2015,4.3937486410141,6.40625,0.027083326131105,87.4859170913696,422.083333333333,79.3541666666667,3.42083303133647,993.7869
05/03/2015,7.20103979110718,5.02083333333333,0,51.7744668324789,223.333333333333,75.65625,5.875,944.4634
06/03/2015,7.70103971163432,5.04166666666667,0.002083332821106,51.6411361694336,247.5,74.34375,7.06041646003723,902.0352
07/03/2015,8.84478855133057,6.33333333333333,0.013333331405496,58.3025938669841,192.083333333333,83.8958333333333,7.27083333333333,918.5223
08/03/2015,6.9291645133247,5.89583333333333,0.025416660355404,59.5426909128825,361.25,76.96875,4.28333326180776,932.3604
09/03/2015,4.66041559477647,4.51041666666667,0.008333331672475,52.1926946640015,177.083333333333,77.6145833333333,5.75208306312561,937.9808
10/03/2015,5.07395680248737,4.67708333333333,0,57.4411307970683,491.25,77.3958333333333,3.78124984105428,906.5113
11/03/2015,3.88541559626659,3.875,0.01458332935969,49.9562371571859,275.416666666667,82.2604166666667,4.89374955495199,940.936
12/03/2015,5.39791492124399,3.0625,0.067083318019286,34.7895749409993,224.166666666667,88.2395833333333,6.32499972979228,927.6306
13/03/2015,3.6895823876063,2.65625,0.750416430567081,37.0593662261963,185.833333333333,98.7395833333333,7.22916666666667,949.0317
14/03/2015,2.89166580016414,3.1875,0.008333330353101,47.3515532811483,269.166666666667,78.4479166666667,7.45416657129924,988.8766
15/03/2015,4.45104051132997,3.34375,0.000104166644936,43.8150922457377,489.166666666667,90.0729166666667,7.5,990.479
16/03/2015,4.4291654030482,2.86458333333333,0.053333314368501,38.660927772522,160.416666666667,97.15625,6.85416666666667,952.9662
17/03/2015,4.3374989827474,1.59375,0.009999996516854,21.2171834309896,167.5,94.6354166666667,7.125,942.7759
18/03/2015,5.0666651725769,1.44791666666667,0,18.6057244936625,250,89.9270833333333,6.97083326180776,923.994
19/03/2015,5.50833187624812,1.4375,0.006249997764826,17.0916618506114,467.083333333333,79.3645833333333,6.12499952316284,867.0361
20/03/2015,7.58333106835683,4.875,0.000833333159486,48.1999877293905,377.916666666667,79.2604166666667,6.33541663487752,822.4914
21/03/2015,4.12395725958049,3.01041666666667,0.00124999973923,39.4406159718831,261.25,78.8229166666667,7.01249980926514,894.2369
22/03/2015,3.77083264291286,2.65625,0.008333330353101,31.5098892847697,587.916666666667,81.7083333333333,5.39166581630707,893.7257
23/03/2015,6.51145651439826,4.375,0,47.0656131108602,374.583333333333,79.7916666666667,4.86874981721242,845.0361
24/03/2015,2.94479092520972,2.9375,0.067916648695245,42.1890505154928,449.166666666667,87.8333333333333,4.65833310286204,857.126
25/03/2015,2.57291598369678,1.75,0.008333330353101,24.2348887125651,384.583333333333,87.0625,4.61874982217948,885.468
26/03/2015,4.68645685911179,5.98958333333333,0.144583301773916,72.3796718915304,282.916666666667,84.875,6.94583320617676,896.1978
27/03/2015,4.24687396983306,3.47916666666667,0.008333330353101,45.5015541712443,496.666666666667,77.0208333333333,5.06249944368998,868.1533
28/03/2015,7.40208103259405,5.75,0.249999931703011,54.4937373797099,407.083333333333,86.5833333333333,5.5625,826.8362
29/03/2015,5.77391135174295,7.44565217391304,0.185978184089712,91.7815001114555,304.347826086956,87.5217391304348,5.29347801208496,889.4167
30/03/2015,4.56145705779394,6.86458333333333,0.197499954219287,93.4437243143718,412.083333333333,82.40625,4.54374969005585,874.2977
31/03/2015,4.50937368472417,10.21875,0.136770793081572,136.880700429281,333.333333333333,81.5729166666667,4.8270830710729,884.4816
01/04/2015,3.9249987800916,7.8125,0.017916660367822,109.689029693604,475.416666666667,84.3125,4.75624938805898,866.7025
02/04/2015,4.25520703569055,3.03125,0.008333330353101,42.4124902089437,592.5,74.9375,5.83958268165588,818.6043
03/04/2015,5.1697903474172,2.03125,0.177395791048184,26.6843687693278,204.166666666667,94.5104166666667,7.24583331743876,861.5175
04/04/2015,7.76145633061727,1.82291666666667,0.000416666579743,18.0255165894826,282.5,86.7604166666667,7.14583333333333,863.9955
05/04/2015,9.71562266349793,2.44791666666667,0,20.1218701601028,695,87.7708333333333,4.82083296775818,781.1531
06/04/2015,9.58958105246226,3.23958333333333,0.008333330353101,28.2848878825704,668.75,84.4270833333333,6.07083288828532,715.1231
07/04/2015,7.97291433811188,3.33333333333333,0,30.1775975227356,597.5,85.65625,5.06874990463257,663.5269
08/04/2015,8.09895634651184,1.79166666666667,0,16.2411422729492,660,80.75,5.06874950726827,653.0593
09/04/2015,9.50312240918477,2.23958333333333,0.008333330353101,13.1057267189026,769.166666666667,80.2395833333333,3.05416639645894,611.6452
10/04/2015,11.0010392665863,2.22916666666667,0,9.65937288105488,745.416666666667,75.6458333333333,3.75416642427444,579.0205
11/04/2015,7.63228913148244,6.29166666666667,0.001666666318973,65.4432182312012,667.083333333333,70.6458333333333,3.87708330154419,688.8948
12/04/2015,5.24270681540171,4.40625,0.375833228696138,54.9202992121379,387.916666666667,81.4479166666667,4.68958298365275,785.7076
13/04/2015,6.81458129485448,2.51041666666667,0.008749996932844,26.2515560785929,533.75,80.90625,5.04583315054576,713.4294
14/04/2015,10.8458304405212,5.25,0,37.1130123138428,428.75,78.1979166666667,6.66666666666667,662.6433
15/04/2015,9.28437161445618,4.70833333333333,0.034583322238177,40.0687398910523,554.166666666667,72.2604166666667,5.52916661898295,664.8358
16/04/2015,6.25624856849511,2.58333333333333,0,28.219783782959,765.833333333333,72.9270833333333,3.96041635672251,643.674
17/04/2015,7.39999747276306,3.17708333333333,0,32.4010334014893,704.583333333333,83.1041666666667,5.26458326975505,643.1593
18/04/2015,5.73541508118312,2.86458333333333,0,32.1973856290181,647.5,82.9479166666667,5.86041657129924,683.6967
19/04/2015,5.80937332411607,4.54166666666667,0.009270830079913,47.9562387466431,542.916666666667,85.15625,6.36874993642171,720.9079
20/04/2015,7.90520660082499,2.08333333333333,0.000833333159486,21.1119740804036,755.833333333333,80.3020833333333,5.06666632493337,652.0016
21/04/2015,8.88958100477854,2.64583333333333,0.008333330353101,20.4359332323074,968.75,75.5833333333333,2.90624948342641,590.2925
22/04/2015,9.31562213102976,2.25,0,14.8432259162267,900.416666666667,76.9270833333333,4.36458269755046,555.9509
23/04/2015,11.5499964952469,2.5625,0,10.1942687034607,872.083333333333,74.1458333333333,3.72499942779541,514.1089
24/04/2015,10.7364554405212,3.3125,0.000416666579743,22.2239526112874,794.583333333333,78.8645833333333,4.9520830710729,510.1385
25/04/2015,8.00833110014598,3.1875,0.044479150713111,31.3578054110209,445.416666666667,79.8958333333333,5.11249991257985,616.4665
26/04/2015,4.54062377288938,3.88541666666667,0.000416666579743,47.2510290145874,879.583333333333,66.75,3.32499984900157,656.0192
27/04/2015,3.5697908376654,2.95833333333333,0.017499993710468,39.6703011194865,955.833333333333,65.03125,4.13749976952871,636.1324
28/04/2015,4.40937391916911,6.0625,0.117812459279473,79.6546700795492,803.333333333333,82.6041666666667,4.16041652361552,654.3342
29/04/2015,5.8354146083196,3.875,0.048749985250955,45.39790614446,826.666666666667,78.1458333333333,5.16874996821086,658.996
30/04/2015,5.51458199818929,3.07291666666667,0.079270804999396,35.7979097366333,607.083333333333,83.4583333333333,5.50416664282481,648.5793
01/05/2015,4.06249898547928,2.89583333333333,0.000833333159486,37.3229087193807,777.5,78.7291666666667,4.1270831823349,642.9154
02/05/2015,4.79583218693733,4.04166666666667,0.069999978722384,50.4197823206584,513.333333333333,80.3125,6.125,644.8363
03/05/2015,7.68020621935527,4.20833333333333,0.556666519725695,47.7046740849813,295.833333333333,94.4895833333333,7.28958328564962,709.0937
04/05/2015,11.1510388056437,3.34375,0.000416666579743,23.2333286603292,738.333333333333,72.1875,4.93333331743876,600.9546
05/05/2015,8.68333117167155,4.09375,0.717916453334813,38.1114530563354,407.916666666667,90.59375,6.71249985694885,600.4581
06/05/2015,8.2718726793925,4.36458333333333,0.154166639083996,41.6749887466431,577.083333333333,84.5104166666667,5.91041628519694,605.8689
07/05/2015,7.02916487058004,4.72916666666667,0.009583330014721,51.1411383946737,835,75,3.86458297570546,591.2205
08/05/2015,6.25208127498627,3.20833333333333,0.274999904135863,33.7015563646952,698.333333333333,84.3958333333333,4.88333270450433,584.3337
09/05/2015,8.03749799728394,2.875,0.249583266597862,29.2895756562551,424.583333333333,90.1041666666667,6.56041582425435,599.1541
10/05/2015,10.4083306789398,2.9375,0.009166663434977,18.2453074455261,487.083333333333,83.625,5.97083262602488,603.2626
11/05/2015,12.6260385513306,4.67708333333333,0.067499982037892,23.7843686739604,892.083333333333,76.1979166666667,4.36666619777679,527.1301
12/05/2015,9.6312464872996,5.86458333333333,0.001562499674037,47.1838426589966,815.833333333333,73.4583333333333,4.61458293596904,523.6897
13/05/2015,8.43541399637858,4.20833333333333,0,40.475511709849,701.666666666667,74.0833333333333,5.68541634082794,522.1387
14/05/2015,6.26666462421417,3.22916666666667,0,36.0557227134705,459.583333333333,81.8020833333333,7.15416606267293,551.7849
15/05/2015,9.24270606040955,2.92708333333333,0.009166663434977,21.25572570165,887.083333333333,69.6770833333333,6.32499969005585,536.2133
16/05/2015,9.50416398048401,5.95833333333333,0.009687496970097,48.6697805722555,795,75.2916666666667,5.22291632493337,539.3866
17/05/2015,9.06041407585144,5.98958333333333,0.013749995191271,47.7557202974955,876.25,75.2708333333333,4.38749941190084,559.5623
18/05/2015,7.89478913942973,3.46875,0.142083291430026,33.3406170209249,630.833333333333,85.0625,5.98749939600627,530.1201
19/05/2015,6.69999814033508,3.59375,0.077916648782169,39.5265542666117,627.916666666667,85.6979166666667,5.77083277702332,544.1325
20/05/2015,9.96145502726237,3.94791666666667,0.006249997764826,32.1343688964844,910.833333333333,70.3229166666667,5.09166606267293,513.3534
21/05/2015,9.95937252044678,5.44791666666667,0.011249996333694,42.8135312398275,674.583333333333,77.8125,5.91874925295512,499.3733
22/05/2015,13.2208293279012,4.4375,0,19.3770783742269,577.916666666667,83.3854166666667,6.71249945958455,466.6426
23/05/2015,12.2802047729492,2.08333333333333,0,9.12551806370417,810.833333333333,65.96875,5.84583254655202,436.1178
24/05/2015,10.7260384559631,4.40625,0.040937488044923,31.2864495913188,582.5,79.1145833333333,6.52708252271016,472.3872
25/05/2015,10.1760390599569,3.95833333333333,0.000416666579743,31.8406201998393,538.333333333333,77.40625,6.58958276112874,440.5629
26/05/2015,10.1770809491475,3.94791666666667,0,25.3843698501587,768.333333333333,76.65625,5.5416659116745,444.6586
27/05/2015,8.91770553588867,3.78125,0.132499962424239,34.8046820958455,553.333333333333,81.7395833333333,6.30624930063884,459.7088
28/05/2015,8.49270590146383,5.98958333333333,0.048333321309959,57.0577993392944,906.666666666667,78.4791666666667,4.77083277702332,478.2686
29/05/2015,7.54478899637858,3.20833333333333,0.29208322490255,31.8531169891357,627.916666666667,82.4791666666667,5.14791607856751,483.1078
30/05/2015,8.51770599683126,4.84375,0.000104166644936,44.1739495595296,1052.91666666667,73.28125,4.77916614214579,480.7698
31/05/2015,8.73228907585144,4.71875,0.347395738897224,40.7578037579854,587.5,82.8020833333333,5.75208294391632,497.0421
01/06/2015,8.06978909174601,4.8125,0.167916626591856,44.7473862965902,765.833333333333,78.7083333333333,4.18958298365275,471.5105
02/06/2015,9.15937225023905,6.72916666666667,0.026666657223056,56.9458179473877,965,74.9479166666667,3.80833276112874,464.4705
03/06/2015,10.8489555517832,4.48958333333333,0,31.2140576044718,913.75,74.0729166666667,5.00208274523417,440.9219
04/06/2015,11.8499965667725,2.25,0,9.55416440963745,900,74.0625,4.36874957879384,397.2992
05/06/2015,13.9145793914795,3.19791666666667,0.000833333159486,11.4531231721242,799.166666666667,73.8854166666667,4.50208274523417,361.133
06/06/2015,10.3572892347972,5.70833333333333,0.00124999973923,38.6703028678894,659.166666666667,72.4375,5.51666645208995,397.4899
07/06/2015,10.9218721389771,5.79166666666667,0,39.2989497184753,1165,68.09375,4.1875,406.1725
08/06/2015,8.39062253634135,2.09375,0.142499953974038,19.0531203746796,741.666666666667,79.6354166666667,5.60833326975505,408.4081
09/06/2015,10.258330543836,1.86458333333333,0,12.0526008605957,927.916666666667,75.0625,6.83749977747599,394.9631
10/06/2015,12.3291632731756,2.01041666666667,0,6.6947898666064,1212.91666666667,67.8333333333333,3.73124965031942,358.955
11/06/2015,13.0177043279012,2.41666666666667,0,7.46718548734983,1194.16666666667,61.3229166666667,3.93958274523417,328.7898
12/06/2015,13.4249959389369,2.34375,0,9.49687296152115,1015,65.71875,5.3062496582667,316.1723
13/06/2015,11.3437469800313,3.15625,0.067916648695245,21.4255169232686,456.25,90.2395833333333,7.375,354.0118
14/06/2015,8.35103917121887,3.28125,0.099687468105306,31.3348897298177,412.083333333333,88.0520833333333,6.91041660308838,426.958
15/06/2015,9.83124774694443,1.375,0.00885416357778,9.72447625796,758.333333333333,76.15625,6.13124958674113,382.9496
16/06/2015,13.8666628201803,1.75,0.026145823920767,5.3218733270963,613.75,82.6458333333333,6.875,359.6075
17/06/2015,14.1302049954732,5.63541666666667,0.000416666579743,21.4781198501587,560,80.8541666666667,6.09791660308838,358.408
18/06/2015,10.4041635195414,6.04166666666667,0.00124999973923,45.3442595799764,517.5,77.8333333333333,6.48749999205271,383.5364
19/06/2015,10.722913424174,4.86458333333333,0.00124999973923,35.7979094187419,525.833333333333,86.1145833333333,6.2583331267039,401.3706
20/06/2015,13.0906216303507,2.16666666666667,0.026666657145446,7.54218536615372,414.166666666667,90.75,5.74791661898295,389.8497
21/06/2015,11.3041634559631,4.70833333333333,0.102499972097576,30.1525979836782,676.666666666667,86.7604166666667,5.12916664282481,395.712
22/06/2015,9.66770609219869,3.76041666666667,0.134583297651261,31.5270773569743,400.833333333333,91.09375,6.66666666666667,410.3398
23/06/2015,11.4312475522359,2,0.000416666579743,12.9432260195414,562.083333333333,82.1875,6.83541655540466,411.8864
24/06/2015,12.4291628201803,1.89583333333333,0.084999972255901,9.33801758289337,438.75,91.9375,6.08333309491475,370.4828
25/06/2015,14.3760371208191,1.33333333333333,0.169999945598344,4.10781163970629,600.833333333333,92.6875,6.11458325386047,334.115
26/06/2015,15.3427038192749,2.0625,0.110312461930638,4.08385334412257,499.166666666667,89.59375,6.45208323001862,329.663
27/06/2015,15.0989529291789,3.3125,0.000937499804422,8.3067688147227,946.666666666667,78.53125,4.52083333333333,309.8447
28/06/2015,15.1229127248128,3.82291666666667,0.124583303773155,8.46614356835683,660.833333333333,81.5625,5.14583333333333,330.7242
29/06/2015,14.2020791371663,2.14583333333333,0.000833333159486,6.58072746793429,846.666666666667,78.6875,5.41458328564962,335.1119
30/06/2015,20.4781200091044,2.58333333333333,0,2.03541628519694,1011.66666666667,66.5625,5.88124998410543,295.6618
01/07/2015,20.566660563151,2.98958333333333,0.000833333159486,0.788541461030642,948.75,67.8854166666667,3.24999984105428,270.5311
02/07/2015,17.1958293914795,3.35416666666667,0.112187471240759,6.07916538914045,689.583333333333,86.8020833333333,5.26249992847443,273.7306
03/07/2015,15.3885370890299,2.875,0,7.7749977906545,1175,77.0833333333333,3.63124958674113,269.1389
04/07/2015,15.609371026357,3.39583333333333,0.722916513681412,10.7973937615752,659.166666666667,86,5.78541660308838,299.9324
05/07/2015,13.9791631698608,2.19791666666667,1.04166636243463,7.15729020287593,783.333333333333,77.1354166666667,4.18124957879384,325.763
06/07/2015,13.4791631698608,2.59375,0.040937485483786,10.0760391851266,627.083333333333,86.8541666666667,4.97499950726827,322.9861
07/07/2015,15.4874960581462,3.85416666666667,0.009062496867652,9.90468593438466,747.5,81.2916666666667,6.375,335.115
08/07/2015,11.7541639010111,2.58229088783264,0.206249927481016,15.2499963442485,969.583333333333,91,7.29166666666667,375.82
09/07/2015,11.4270803133647,2.47916666666667,0,12.4906213283539,939.090909090909,74.7727272727273,4.34999982515971,361.2733
10/07/2015,16.2218697865804,2.22916666666667,0.009687496659656,5.1854154864947,929.583333333333,76.09375,6.84583330154419,330.2622
11/07/2015,15.282287756602,2.55208333333333,0.119062456379955,5.18333209057649,823.333333333333,83.8229166666667,6.42708333333333,317.8516
12/07/2015,15.1447869936625,4.15625,0.029270825597147,9.25155993302663,765.833333333333,81.8958333333333,5.6875,352.6881
13/07/2015,13.8041621843974,1.61458333333333,0.126354141393676,6.38906076550484,374.583333333333,93.1875,6.60416666666667,358.074
14/07/2015,13.7166633605957,1.19791666666667,0.007395831635222,5.30885309974353,460.416666666667,87.9375,5.79374996821086,365.4619
15/07/2015,13.1895802815755,2.91666666666667,0,13.8484343091647,851.666666666667,73.9583333333333,6.31874998410543,359.6698
16/07/2015,13.1927051544189,2.82291666666667,0,9.82655990123749,911.666666666667,79.2083333333333,5.96458331743876,349.0775
17/07/2015,14.8708292643229,4.16666666666667,0.092916634709885,12.4479143023491,754.166666666667,76.7395833333333,5.50416664282481,356.6868
18/07/2015,13.5145797729492,4.92708333333333,0.011249996333694,22.1807238260905,857.083333333333,69.4791666666667,6.125,360.6496
19/07/2015,13.0447883605957,4.5,0.251979091437533,20.0958283742269,671.666666666667,80.3854166666667,5.43333331743876,390.4768
20/07/2015,13.0989546775818,2.42708333333333,0.059999984766667,8.28437260786692,526.666666666667,85.9791666666667,6.07499996821086,361.2294
21/07/2015,14.8645782470703,2.98958333333333,0.058437486489614,8.26978973547618,548.75,78.3333333333333,6.60416666666667,369.5468
22/07/2015,12.4020799001058,2.96875,0.001666666318973,15.6770795981089,528.333333333333,77.4375,5.98333326975505,379.9564
23/07/2015,12.4499963919322,3.79166666666667,0.008333330353101,16.623955488205,829.583333333333,72.78125,4.12916660308838,371.8889
24/07/2015,11.5656220118205,1.94791666666667,0.001354166384165,11.1401009956996,442.916666666667,79.3333333333333,6.46041659514109,377.7092
25/07/2015,11.2249973615011,1.76041666666667,0.034583322238177,11.9322879711787,646.25,81.8645833333333,6.86874993642171,261.5403
26/07/2015,10.9927059014638,2.98958333333333,0.400416511033351,17.9322879314423,617.083333333333,83.1875,4.73749991257985,305.711
27/07/2015,11.4864549636841,4.53125,0.838333137954275,29.0505139033,216.666666666667,94.9791666666667,7.375,336.3011
28/07/2015,10.2395799954732,1.16145825386047,0.73124972358346,8.93234125773112,601.083333333333,95,7.83333333333333,341.9375
29/07/2015,11.2343713442485,2.72395833333333,0.290729097478713,17.2083291212718,682.272727272727,84.7159090909091,6.8125,332.3486
30/07/2015,11.3979131380717,2.13541666666667,0.125833309410761,12.3796840508779,722.916666666667,78.5625,6.22291660308838,324.3057
31/07/2015,11.4583307902018,1.80208333333333,0.000833333159486,10.209892988205,452.083333333333,79.03125,6.74374973773956,321.2596
01/08/2015,13.2708295186361,3,0.150937454774976,10.2151023745537,842.916666666667,72.2916666666667,4.2666666507721,264.8443
02/08/2015,12.9114545186361,2.20833333333333,0.096249965950847,9.73906000455221,477.916666666667,85.2395833333333,7.22916666666667,304.5268
03/08/2015,16.1489539146423,2.35416666666667,0.000833333159486,3.82395731657743,684.166666666667,71.6041666666667,6.625,297.3968
04/08/2015,14.7333285013835,3.34375,0.002187499543652,9.40989251683156,806.25,74.2083333333333,5.83749985694885,300.7458
05/08/2015,15.1114540100098,2.64583333333333,0.094895807250092,7.04114388426145,635.416666666667,75.1875,6.6875,300.7228
06/08/2015,15.3156212170919,3.38541666666667,0.000312499934807,7.08333150545756,678.75,79.15625,5.58541651566823,296.4422
07/08/2015,12.4520798524221,1.6875,0.008749996855234,8.95728907982508,650,81.84375,5.32083320617676,298.6235
08/08/2015,13.9916628201803,1.92708333333333,0.000416666579743,6.20937357346217,883.75,71.375,4.34374972184499,272.3088
09/08/2015,15.8458291689555,2.61458333333333,0.001666666318973,4.39010325074196,546.25,77.0729166666667,6.77083333333333,294.5653
10/08/2015,16.1833284695943,2.85416666666667,0.034166659383724,4.20364497229457,759.166666666667,74.1041666666667,4.80208317438761,284.8861
11/08/2015,13.7302039464315,2.89583333333333,0,10.665101369222,482.916666666667,78.0104166666667,4.99166643619537,292.3108
12/08/2015,13.5770794550578,1.82291666666667,0,6.57343542575836,824.583333333333,74.8645833333333,5.51249965031942,286.7713
13/08/2015,14.2114537556966,2.375,0.062916659051552,5.59270640214284,780.833333333333,78.2604166666667,4.46666638056437,291.7127
14/08/2015,13.1791632970174,2.08333333333333,1.10833304103774,10.0234354337056,132.083333333333,95.34375,7.1875,328.1292
15/08/2015,12.6531219482422,4.41666666666667,0.000416666579743,21.7145798206329,859.583333333333,76.8229166666667,4.80208317438761,278.0812
16/08/2015,12.2124967575073,1.57291666666667,0,8.2718726148208,644.166666666667,77.9583333333333,5.57083304723104,302.6743
17/08/2015,14.2249952952067,2.20833333333333,0,7.36197767158349,780,72.8020833333333,5.76249996821086,294.4622
18/08/2015,12.4656224250793,3.59375,0.52749984866629,19.6239536603292,169.166666666667,86.8541666666667,7.6875,330.5156
19/08/2015,15.8885369300842,3.05208333333333,0.088749968291571,7.79166486859322,683.75,80.6875,5.97916666666667,308.2775
20/08/2015,16.8260370890299,2.60416666666667,0.054583320083718,3.56041612227758,554.583333333333,83.4479166666667,6.25,306.327
21/08/2015,18.3083264033,2.75,0.09302079017895,1.20156211033463,394.166666666667,83.3125,5.67499999205271,307.2465
22/08/2015,15.6604116757711,2.14583333333333,0.256458225737636,4.59426957368851,364.583333333333,85.0729166666667,7.3125,308.9835
23/08/2015,16.6520779927572,5.52083333333333,0.225520734054347,6.99791514873505,853.333333333333,81.6041666666667,4.68124969800313,312.575
24/08/2015,14.2239543596903,1.72916666666667,0.033645821347212,6.19270638624827,633.333333333333,83.46875,5.21249993642171,306.7038
25/08/2015,13.6114554405212,4.52083333333333,0.01499999462006,21.0187454223633,794.583333333333,73.6979166666667,5.23333319028219,313.495
26/08/2015,14.672912756602,3.14583333333333,0.02885415762042,8.61249761780103,693.75,76.1770833333333,4.1770832935969,315.6141
27/08/2015,12.7260381380717,3.15625,0.006249997764826,13.1359337170919,610.416666666667,75.2604166666667,3.66666650772095,319.9995
28/08/2015,13.6947876612345,2.61458333333333,0,8.34999811649323,620.416666666667,73.5625,3.34374976158142,320.36
29/08/2015,14.3104124069214,2.40625,0.051249985427906,7.30103983481725,616.25,78.4375,4.54999991257985,310.3584
30/08/2015,13.7770800590515,1.92708333333333,0,6.35520655661821,556.25,78.3333333333333,4.76666633288066,323.4345
31/08/2015,11.6104135513306,2.54166666666667,0.002083332898716,14.3145794868469,229.166666666667,86.0416666666667,6.22916666666667,383.908
01/09/2015,12.2291633288066,2.5,0.001666666318973,12.3114547729492,580,76.4791666666667,6.02916665871938,336.7312
02/09/2015,11.3104135195414,2.58333333333333,0.033333321412404,16.1968708833059,371.25,79.4479166666667,7.33333333333333,353.7871
03/09/2015,10.0354136625926,3.41666666666667,0.052187482593581,27.0619711875916,282.083333333333,80.4375,7.4375,377.7048
04/09/2015,11.668746471405,3.05208333333333,0.022499992201726,19.3812457720439,433.75,76.4479166666667,6.92708309491475,383.0458
05/09/2015,10.1885382334391,2.8125,0.013020828676721,21.3604110081991,601.666666666667,71.0520833333333,6.26874991257985,333.7014
06/09/2015,10.5999975204468,3.17708333333333,0.000416666579743,17.595308860143,733.75,79.0208333333333,4.97291612625122,361.4566
07/09/2015,11.3802053133647,1.8125,0,10.46510134389,622.5,83.84375,5.53333266576131,383.2171
08/09/2015,10.6562468210856,1.34375,0.017083327208335,9.80728928248088,139.583333333333,92.5625,7.981249888738,423.7755
09/09/2015,11.3281219800313,2.625,0,16.281765460968,289.166666666667,83.40625,7.52708331743876,421.2282
10/09/2015,13.57603820165,3.38541666666667,0,11.9510385195414,610.833333333333,82.125,5.89583321412404,386.5892
11/09/2015,13.4416618347168,4.11458333333333,0,15.4624965985616,581.666666666667,83.2395833333333,5.0624996026357,364.7032
12/09/2015,12.0666635831197,3.67708333333333,0.276666621134306,20.7343716621399,182.083333333333,90.8854166666667,6.41666666666667,384.1155
13/09/2015,12.0072882970174,2.10416666666667,0,11.2249972025553,620,78.3125,4.79791661103566,377.7877
14/09/2015,11.0135391553243,2.5625,0.11083329988954,15.6317674318949,290.416666666667,93.53125,6.57916657129924,412.6675
15/09/2015,11.4843715031942,2.51041666666667,0.217916601027052,15.8494747479757,180.416666666667,89.4479166666667,6.97916666666667,439.603
16/09/2015,9.0531226793925,2.09375,0,17.5302031040192,592.916666666667,85.65625,3.11458301544189,420.5471
17/09/2015,10.3458305199941,2.8125,0.00124999973923,19.6671833197276,295.833333333333,84.6458333333333,7.58333333333333,429.1488
18/09/2015,10.7135387261709,1.79166666666667,0.020520826413607,11.2833309173584,387.083333333333,88.4583333333333,6.59166661898295,420.867
19/09/2015,10.7874968846639,2.625,0,12.0677058696747,518.333333333333,85.75,4.0312496026357,394.313
20/09/2015,11.8541635672251,1.58333333333333,0.010416662941376,8.59218502044678,195,85.4895833333333,7.4375,422.8821
21/09/2015,12.0249970753988,2.76041666666667,0.208749927735577,15.8604129155477,210.833333333333,89.6770833333333,6.32291662693024,438.4902
22/09/2015,9.84687296549479,2.70833333333333,0.026666657223056,20.7885376612345,394.166666666667,89.1979166666667,5.731249888738,452.4971
23/09/2015,10.7958305676778,3.07291666666667,0.017083327208335,22.4203062057495,325.416666666667,86.03125,4.75624974568685,460.4576
24/09/2015,9.87708036104838,3.66666666666667,0.170833287062123,28.0218688646952,474.166666666667,86.4479166666667,4.17083326975505,462.87
25/09/2015,10.7604134877523,5.0625,0.006666664344569,36.7984288533529,512.083333333333,80.8854166666667,4.61874969800313,455.9654
26/09/2015,11.5093723932902,1.86458333333333,0,12.4510385195414,270,84.53125,7.22916666666667,447.7804
27/09/2015,10.6770809491475,1.33333333333333,0,7.72239380081495,558.333333333333,79.7291666666667,4.0687495470047,439.9816
28/09/2015,10.3749970595042,2.01041666666667,0,11.0421845118205,448.75,85.3125,4.89791619777679,432.844
29/09/2015,11.3666631380717,1.48958333333333,0,7.43489419917266,534.166666666667,84.25,4.50833284854889,427.6533
30/09/2015,9.10416408379873,1.54166666666667,0.008333330353101,10.7067679564158,471.25,88.5104166666667,4.7062494357427,447.0579
01/10/2015,9.17708047231039,1.38541666666667,0,11.1575484673182,532.5,81.8645833333333,3.8124996026357,445.6597
02/10/2015,9.67499748865763,2.61458333333333,0.008333330353101,19.2203080654144,527.5,82.1041666666667,3.92291629314423,438.6857
03/10/2015,7.72603996594747,0.958333333333333,0,9.830726146698,141.25,95.1354166666667,7.46874984105428,497.0221
04/10/2015,8.26145609219869,1.51041666666667,0,13.3593717416128,243.333333333333,86.46875,6.77083333333333,515.6676
05/10/2015,10.5010391871134,2.97916666666667,0.158333289126555,18.8484331766764,62.0833333333333,96.4791666666667,6.64374979337056,541.6898
06/10/2015,14.7718717257182,2.58333333333333,0.400833239623656,7.90312333901723,134.583333333333,96.2395833333333,6.95208319028219,510.8417
07/10/2015,11.3697889645894,3.10416666666667,0.369999857774625,22.0328102906545,100.416666666667,97.0729166666667,7.34374984105428,517.0974
08/10/2015,8.63333098093669,2.52083333333333,0,23.1947851975759,305,88.3125,3.68958298365275,517.3612
09/10/2015,9.5520806312561,1.04166666666667,0,9.05572660764059,402.916666666667,86.6875,5.56666656335195,506.6487
10/10/2015,10.8937470118205,1.63541666666667,0.000520833224679,11.0255180199941,309.583333333333,88.84375,5.48958325386047,507.1697
11/10/2015,9.43124691645304,1.78125,0.119479135066892,14.4770793914795,144.583333333333,90.0833333333333,6.10416666666667,546.6896
12/10/2015,6.82083141803741,2.03125,0.115416638785973,20.2541621526082,302.083333333333,89.4895833333333,4.98749987284343,562.4415
13/10/2015,7.77603975931803,1.875,0.007604164071381,17.6343704859416,243.75,90.09375,5.28958320617676,583.2825
14/10/2015,6.0343732436498,1.61458333333333,0.009687496659656,17.6520778338114,313.75,88.9791666666667,4.43749988079071,594.6035
15/10/2015,7.74583105246226,2.13541666666667,0.000312499934807,19.2932241757711,221.666666666667,89.6979166666667,4.41666658719381,593.3419
16/10/2015,8.42083056767782,2.08333333333333,0.025833324063569,19.333328406016,145.416666666667,91.4270833333333,5.69166660308838,597.5451
17/10/2015,8.58020536104838,2.46875,0,21.9437435468038,187.5,86.40625,6.4375,600.2602
18/10/2015,8.73333096504211,2.23958333333333,0.008333330353101,19.020307858785,122.5,92.875,5.54166650772095,621.9673
19/10/2015,8.98437221844991,1.52083333333333,0.009999996516854,13.8124961058299,236.25,91.0416666666667,6.52083333333333,602.9
20/10/2015,8.44895625114441,2.39583333333333,0.043749980628491,21.1937456130981,186.25,87.5208333333333,5.543749888738,603.1266
21/10/2015,12.7552049954732,5.10416666666667,0.319583240197971,22.8369737466176,153.75,90.2395833333333,7.09791660308838,593.3601
22/10/2015,10.7499962647756,8.39583333333333,0,60.5963401794434,285,73.1770833333333,4.2458332379659,594.515
23/10/2015,8.74270606040955,2.28125,0,20.2494750022888,125.833333333333,82.34375,5.70208323001862,619.4076
24/10/2015,9.14062198003133,3.9375,0.011249996256083,35.4812418619792,139.583333333333,84.96875,5.36874993642171,638.3275
25/10/2015,6.97599784851074,1.95,0.007999997138977,21.1309954833984,172,83.77,4.87799934387207,735.2364
26/10/2015,7.8687481880188,2.33333333333333,0,22.54270362854,242.5,85.375,6.01041618982951,698.5294
27/10/2015,10.8156221707662,2.375,0,16.761974811554,65.8333333333333,96.1770833333333,7.9854166507721,682.5685
28/10/2015,10.6749978065491,2.39583333333333,0.375833177861447,16.9197885990143,27.9166666666667,99.6770833333333,7.30208301544189,679.2661
29/10/2015,8.43020582199097,2.77083333333333,0.07583331487452,24.8427025477091,63.75,96.9895833333333,5.73958309491475,671.5535
30/10/2015,9.50624720255534,1.85416666666667,0.333333231508732,14.8880178133647,60.4166666666667,98.3541666666667,6.20833333333333,684.2762
31/10/2015,12.6072885195414,2.34375,0.075833309829856,12.4041630824407,139.583333333333,94.9270833333333,5.67708325386047,656.5319
01/11/2015,11.0104142824809,1.54166666666667,0.008333330353101,9.522913813591,258.333333333333,95.3958333333333,4.48541609446208,657.1096
02/11/2015,9.53228934605916,1.20833333333333,0.016666660706202,10.3249972263972,115.416666666667,97.0416666666667,6.57291626930237,648.2455
03/11/2015,5.90729025999705,1.11458333333333,0.008437496998037,13.493226369222,82.9166666666667,99.6354166666667,7.5479162534078,723.7623
04/11/2015,8.89166418711344,1.16666666666667,0.066249978728592,10.6833310127258,62.5,99.9166666666667,7.74583307902018,727.191
05/11/2015,9.73124758402506,1.375,0.083333315948645,11.0760389169057,43.3333333333333,100,6.36458325386047,710.4724
06/11/2015,12.2010388374329,2.76041666666667,0.059166647959501,15.6046845912933,79.1666666666667,92.2395833333333,6.31458330154419,666.9623
07/11/2015,9.52916383743286,3.34375,0.518333200054864,28.4442659219106,68.3333333333333,93.8854166666667,5.03958304723104,708.8537
08/11/2015,8.83124772707621,4.15625,0.251666602756207,37.4604107538859,49.1666666666667,89.46875,5.0541664759318,768.7281
09/11/2015,11.6062468687693,6.875,0.020833326193194,36.7364495595296,152.083333333333,83.03125,4.27499993642171,700.4877
10/11/2015,15.3145796457926,5.96875,0.096666658530012,14.9510383605957,79.5833333333333,82.875,6.20833333333333,629.3911
11/11/2015,11.1958303451538,2.90625,0.449166564270854,20.8390587965647,66.25,93.6770833333333,5.88124986489614,644.2304
12/11/2015,9.58749723434448,4.65625,0.083333305316046,38.5354102452596,148.75,80.5520833333333,3.87916648884614,676.9881
13/11/2015,5.27604007720947,5.15625,0.185833283001557,64.8614435195923,139.166666666667,82.96875,4.22916642824809,756.556
14/11/2015,6.36874842643738,4.73958333333333,0.489583158244689,56.6328002611796,56.6666666666667,84.2291666666667,5.40208315849304,834.8856
15/11/2015,12.7072887420654,4.48958333333333,0.539166544719289,20.041662534078,75.4166666666667,92.09375,7.10416666666667,776.3352
16/11/2015,7.81354022026062,6.39583333333333,0.012187496215726,65.7036336263021,170.416666666667,76.2916666666667,3.6270831823349,744.7973
17/11/2015,6.15103991826375,3.63541666666667,0.298437433084473,41.8338435490926,59.1666666666667,85.5625,5.73541641235352,794.1565
18/11/2015,7.84999744097392,5.57291666666667,0.345104074183231,57.310406366984,45.4166666666667,87.3645833333333,4.69583324591319,792.818
19/11/2015,7.2947899500529,7.85416666666667,0.034583324876924,83.697904586792,143.75,81.9270833333333,2.66041648387909,790.672
20/11/2015,4.56666560967763,6.03125,0.000416666579743,79.6473757425944,101.666666666667,81.9166666666667,5.24791661898295,814.6665
21/11/2015,0.738541394472122,4.65625,0.225729092179487,79.3973833719889,164.583333333333,76.5416666666667,3.98124986886978,948.1088
22/11/2015,1.56562461704016,1.90625,0.034999987576157,31.3119697570801,137.5,90.375,5.89999977747599,977.9007
23/11/2015,3.86874904235204,3.125,0.099999972929557,40.8557189305623,68.3333333333333,87.25,6.91041652361552,931.0299
24/11/2015,5.93020665645599,5.16666666666667,0.00124999973923,62.2291577657064,100.833333333333,88.3125,5.57291654745738,879.5908
25/11/2015,4.86979039510091,4.13541666666667,0.000833333159486,54.1265528996786,138.333333333333,89.4270833333333,5.26041654745738,872.0063
26/11/2015,8.35937257607778,5.13541666666667,0.008749996932844,45.4244699478149,132.916666666667,93.75,5.59791660308838,829.9857
27/11/2015,8.54583124319712,5.13541666666667,0.083749972516671,50.3078049023946,70.4166666666667,84.6666666666667,6.00833320617676,792.2815
28/11/2015,4.36145734786987,5.66666666666667,0.172083295338477,77.6015402475993,79.5833333333333,85.8541666666667,4.21666661898295,889.1117
29/11/2015,4.84999853372574,6.97916666666667,0.327499917087456,90.6348762512207,73.75,88.1770833333333,5.25833328564962,897.1848
30/11/2015,2.66458243131638,3.80208333333333,0.217916606071716,57.5281115372976,38.75,90.8958333333333,5.94791626930237,922.3525
01/12/2015,6.22812316815058,2.83333333333333,0.309999939054251,29.5343680381775,32.5,92.3020833333333,7.01458326975505,929.6684
02/12/2015,9.16562271118164,4.19791666666667,0.001666666318973,34.6624957720439,58.75,83.84375,5.13541650772095,844.2652
03/12/2015,4.62187357743581,2.39583333333333,0.659166510294502,30.2033788363139,22.0833333333333,95.625,7.37291661898295,863.9305
04/12/2015,7.78541445732117,6.11458333333333,0.053333316852028,62.8416531880697,76.6666666666667,83.4791666666667,5.51874995231628,852.5197
05/12/2015,10.5187463760376,8.25,0.65958316065371,61.8609205881755,36.6666666666667,88.9270833333333,7.70833333333333,850.6984
06/12/2015,7.14895657698313,5.04166666666667,0.13666663140369,47.7260305086772,97.9166666666667,86.7916666666667,5.19374988476435,874.4034
07/12/2015,7.66874770323436,3.625,0.068020816581945,33.0057210922241,33.3333333333333,89.6145833333333,6.91666658719381,835.27
08/12/2015,8.44062248865763,4.33333333333333,0.088229137550419,42.5333213806152,94.1666666666667,85.4583333333333,4.71041661500931,808.1537
09/12/2015,7.86562279860179,5.5,0.137499952145542,51.5848871866862,49.1666666666667,81.59375,4.97708320617676,824.0905
10/12/2015,5.34791497389476,3.92708333333333,0.278854100576912,47.6093633969625,89.1666666666667,84.2916666666667,3.87499980131785,846.4499
11/12/2015,3.66770718495051,5.89583333333333,0.029583323281258,81.6218566894531,102.916666666667,84.6979166666667,2.82291654745738,894.4753
12/12/2015,2.09166608005762,2.64583333333333,0.343333216694494,41.4979091485341,19.5833333333333,95.1875,6.33749985694885,992.8835
13/12/2015,0.757291472827395,1.66666666666667,0.295833270996809,28.1312430699666,56.6666666666667,98.4583333333333,5.42499987284343,1033.689
14/12/2015,4.50624871253967,1.1875,0.118749974916379,16.3406211535136,52.9166666666667,97.3854166666667,6.51458319028219,945.257
15/12/2015,6.7947899500529,2.86458333333333,0.042916652668888,31.1031166712443,33.3333333333333,99.71875,7.96874992052714,911.109
16/12/2015,10.8041636149089,3.59375,0.00124999973923,25.3421812057495,47.5,96.5729166666667,7.64583333333333,825.7811
17/12/2015,11.8697881698608,3.3125,0,19.9197864532471,48.3333333333333,85.1666666666667,4.86249999205271,758.7511
18/12/2015,11.1864550908407,3.85416666666667,0.002499999478459,25.9588494300842,46.25,81.9895833333333,6.5791666507721,754.1462
19/12/2015,13.0843717257182,3.47916666666667,0.182916617486626,15.8135381539663,32.9166666666667,86.1145833333333,6.70833333333333,733.1735
20/12/2015,8.60728931427002,4.22916666666667,0.804583123962705,40.4921781222026,103.75,88.2916666666667,5.22291652361552,788.006
21/12/2015,6.52812345822652,4.58333333333333,0.093749966627608,50.7385298411051,41.25,84.90625,4.10624996821086,830.9136
22/12/2015,8.65312270323435,4.41666666666667,0.167083285981789,38.1562414169312,45.8333333333333,83.6875,6.10208328564962,835.3044
23/12/2015,6.42291498184204,5.45833333333333,0.076979149055357,62.8588377634684,108.75,77.53125,3.71249977747599,858.7231
24/12/2015,6.45312293370565,5.15625,0.069999981438741,59.4317576090495,76.6666666666667,79.6875,4.93124977747599,852.597
25/12/2015,3.49270753065745,3.8125,0.764583189040422,55.428119023641,57.5,87.0729166666667,5.85624969005585,945.4433
26/12/2015,6.95937347412109,3.91666666666667,0.918020603246987,42.1322801907857,16.6666666666667,97.71875,7.22916666666667,804.839
27/12/2015,5.41354016462962,3.44791666666667,0.001562499674037,43.385927995046,131.666666666667,85.7291666666667,4.62916646401088,880.1254
28/12/2015,8.84791366259257,3.76041666666667,0.000520833224679,34.1822829246521,120,89.4479166666667,6.14166653156281,844.4462
29/12/2015,8.44270555178324,4.26041666666667,0.00124999973923,41.1729071935018,97.5,81.90625,5.26666657129924,765.345
30/12/2015,9.39062253634135,5.04166666666667,0.025937490708505,38.5229094028473,35.8333333333333,82.7708333333333,7.35416666666667,768.043
31/12/2015,4.3656237522761,3.33333333333333,0.131249960744753,44.7275927861532,75.8333333333333,87.6354166666667,5.07916653156281,794.2091
01/01/2016,2.30833284867307,3.5,0.05885415050822,52.0572799046834,49.1666666666667,82.2291666666667,5.52291623751322,930.2178
02/01/2016,7.080206712087,5.60416666666667,0.383645744373401,61.566130956014,19.1666666666667,96.5833333333333,7.60416666666667,917.0596
03/01/2016,6.68124834696452,5.20833333333333,0.36666656890884,58.9057102203369,25,97.2916666666667,7.5625,919.4179
04/01/2016,6.42708174387614,4.40625,1.22541620978154,51.1885274251302,36.25,96.2604166666667,6.75,866.8774
05/01/2016,6.39270663261414,5.53125,1.47124956315383,64.5473804473877,22.5,98.2916666666667,7.35416666666667,883.0815
06/01/2016,5.58749842643738,5.10416666666667,0.396666556829587,63.3374894460042,28.75,98.0729166666667,7.8125,901.364
07/01/2016,4.63854058583577,5.5,0.201666601855929,74.6109224955241,22.9166666666667,92.625,6.97916666666667,908.848
08/01/2016,1.15937466050188,2.3125,0.17583328532055,37.5880120595296,37.9166666666667,96.7291666666667,5.13124978542328,953.1469
09/01/2016,3.19374909003576,2.32291666666667,0.518437343727176,32.4432214101156,46.6666666666667,99.75,7.53749982515971,992.8244
10/01/2016,4.2843737800916,3.96875,0.036666656378657,53.9244680404663,56.6666666666667,85.8541666666667,6.62291661898295,991.2436
11/01/2016,0.79895810286204,1.25,0.008437496998037,21.3473904927572,70,94.9583333333333,4.48333299160004,979.9335
12/01/2016,3.03124916553497,2.76041666666667,0.157083292026073,40.9958256085714,36.25,96.8333333333333,6.60416658719381,976.5061
13/01/2016,2.04062440991402,3.32291666666667,0.093020816255982,53.6203023592631,86.6666666666667,92.4375,5.46249985694885,986.0735
14/01/2016,0.417708186432719,4.45833333333333,0.104999965056777,79.3854012489319,34.5833333333333,90.25,5.97499986489614,1019.8173
15/01/2016,0.246874922265609,4.4375,0.008333330353101,78.444772084554,171.666666666667,86.1458333333333,3.93958274523417,1037.2462
16/01/2016,-0.579166521007816,2.01041666666667,0,37.5083254178365,97.5,85.3229166666667,5.32708303133647,1080.9547
17/01/2016,-0.37812491816779,2.54166666666667,0.001666666318973,46.0468654632568,76.6666666666667,90.1354166666667,6.34166630109151,1100.6447
18/01/2016,0.836458082000415,1.48958333333333,0.012916662187005,25.7739508946737,44.5833333333333,98.0416666666667,7.5749994913737,1041.6037
19/01/2016,1.90520786245664,0.947916666666667,0.041249985263373,15.3364543120066,107.916666666667,96.8645833333333,7.28541660308838,997.5705
20/01/2016,1.1270830159386,0.84375,0.000416666579743,14.4239539305369,46.6666666666667,98.1354166666667,7.02083333333333,995.307
21/01/2016,1.49999966224035,2.89583333333333,0.067083315535759,47.3374894460042,59.1666666666667,94.5520833333333,5.58333325386047,1010.8889
22/01/2016,6.11666508515676,3.79166666666667,0.067916653662299,45.5051997502645,90,90,5.48124997814496,961.1877
23/01/2016,7.51458096504211,3.13541666666667,0.100416638189927,32.5124931335449,69.5833333333333,83.3958333333333,5.1104166507721,920.8116
24/01/2016,11.1927055517832,3.46875,0.033749990398064,22.3885362943013,53.75,90.3854166666667,6.52708331743876,872.5535
25/01/2016,10.4541641871134,4.625,0.009166663357367,36.210928440094,102.916666666667,82.9166666666667,5.14166657129924,763.9302
26/01/2016,8.4072892665863,6.13541666666667,0.053333315610265,56.2307135264079,61.6666666666667,82.8645833333333,5.25624990463257,801.6124
27/01/2016,7.5052060286204,5.60416666666667,0.34583325839291,60.211443901062,114.166666666667,86.5520833333333,4.64999994635582,779.2795
28/01/2016,5.81979008515676,5.44791666666667,0.003437499282882,65.1109224955241,105,79.7916666666667,4.6208332379659,841.4383
29/01/2016,8.11770590146383,8.46875,0.052916652911032,83.5541464487712,178.75,71.9791666666667,4.38541646798452,828.9498
30/01/2016,2.71458268165588,9.14583333333333,0.019166660184662,140.508824666341,201.666666666667,73.0729166666667,3.12083329757055,929.5301
31/01/2016,3.22187415758769,2.42708333333333,0.245833271493514,37.7583246231079,66.25,94.34375,6.8125,991.5958
01/02/2016,8.35416412353516,9.1875,0.053749980948245,87.2973766326904,177.083333333333,77.7083333333333,4.83333333333333,872.3711
02/02/2016,4.61458218097687,8.82291666666667,0.003020832703138,116.536430358887,203.333333333333,71.8229166666667,5.06458326180776,897.0349
03/02/2016,3.28854064146678,5.48958333333333,0.000833333159486,81.3385273615519,222.5,79.6041666666667,4.506249944369,911.536
04/02/2016,6.48541446526845,3.91666666666667,0.069166648434475,42.9083247979482,145.416666666667,91.0208333333333,6.52083325386047,867.7322
05/02/2016,7.98749748865763,4.78125,0.033749987992148,47.6890538533529,134.583333333333,83.53125,6.6875,826.5841
06/02/2016,4.36041543881098,3.04166666666667,0.004166665797432,40.6963427861532,52.9166666666667,89.8645833333333,6.4375,914.9087
07/02/2016,4.5229154030482,4.66666666666667,0.01083332975395,61.4578018188477,144.583333333333,81.4166666666667,4.56458322207133,930.223
08/02/2016,5.38228996594747,4.8125,0.022083326242864,59.995299021403,119.166666666667,86.625,5.69999972979228,880.5614
09/02/2016,3.62916560967763,5.52083333333333,0.06791665024745,78.4583155314128,102.5,89.1770833333333,6.53958304723104,892.4795
10/02/2016,2.88124915212393,4.65625,0,69.7338396708171,277.916666666667,82.65625,3.12499984105428,896.767
11/02/2016,1.87187434484561,3.71875,0.000416666579743,57.9015523592631,245,88.3020833333333,4.86458287636439,911.0279
12/02/2016,1.7416662077109,2.05208333333333,0,32.3020749092102,231.666666666667,88.3541666666667,6.0625,916.6522
13/02/2016,1.28541634231806,3.14583333333333,0.527916516254966,52.4171752929688,101.666666666667,97.6145833333333,6.35416666666667,987.8356
14/02/2016,0.108333328117927,2.94791666666667,0.028854156766708,52.1098829905192,208.333333333333,91.0625,4.14166657129924,1017.67
15/02/2016,0.005208332712452,2.88541666666667,0.018229160380239,51.3801948229472,241.666666666667,83.3125,4.01041622956594,994.7005
16/02/2016,1.78333272288243,2.95833333333333,0.00124999973923,42.8229093551636,240.416666666667,76.4791666666667,6.04583303133647,994.9466
17/02/2016,3.63020721077919,3.9375,0.102499969769269,55.2755085627238,67.0833333333333,92.1666666666667,7.66666666666667,985.6174
18/02/2016,1.56041621354719,3.32291666666667,0.000520833224679,52.2890472412109,320.416666666667,91.4895833333333,3.27708331743876,939.5624
19/02/2016,4.12812415199975,4.04166666666667,0.002083332898716,49.1885325113932,153.333333333333,89.1145833333333,5.64166641235352,935.7327
20/02/2016,5.74687337875366,9.45833333333333,0.060520819621161,115.797373453776,202.916666666667,82.1458333333333,5.25,937.3106
21/02/2016,5.98958190282186,7.30208333333333,0.012916662652666,87.8411254882812,120,89.21875,5.72916666666667,925.1157
22/02/2016,3.75312399864197,6.23958333333333,0.000833333159486,89.7702878316244,307.083333333333,84.46875,4.82708319028219,871.0537
23/02/2016,1.162499482433,2.71875,0,44.0900948842367,369.583333333333,78.2395833333333,3.44999982913335,884.8289
24/02/2016,-0.293749921023846,2.55208333333333,0,45.8557151158651,313.75,87.8333333333333,4.30416655540466,931.5818
25/02/2016,0.396874872346719,2.84375,0,50.1067581176758,292.083333333333,77.75,7.01041662693024,937.2839
26/02/2016,1.65312453235189,1.29166666666667,0.000416666579743,19.5578072865804,183.75,75.25,7.69583328564962,924.7674
27/02/2016,0.729166521380345,1.64583333333333,0.025416657561436,27.0583264827728,282.5,87.6666666666667,6.66666666666667,975.3696
28/02/2016,1.34062464038531,1.36458333333333,0.017499993788078,22.3880147139231,332.916666666667,88.8854166666667,5.24791638056437,971.8441
29/02/2016,1.94062433640162,2.76041666666667,0.131249949336052,40.3551998138428,206.666666666667,83.53125,6.3520831267039,925.0108
01/03/2016,6.86145625511805,5.82291666666667,0.21291661192663,63.6593596140544,180.833333333333,88.7083333333333,6.02083333333333,860.9251
02/03/2016,2.68854092558225,4.67708333333333,0.077083308172102,70.0505056381226,338.75,82.7708333333333,4.58749993642171,875.8887
03/03/2016,2.56041592359543,2.875,0.007604164148991,44.7906171480815,169.166666666667,90.2083333333333,6.08541639645894,891.9564
04/03/2016,3.94791567325592,6.25,0.304999926903596,85.9958140055339,96.6666666666667,88.21875,6.5,899.7286
05/03/2016,2.2208327203989,2.70833333333333,0.177083284826949,42.5223871866862,238.333333333333,93.4479166666667,5.29166666666667,939.6908
06/03/2016,1.12499973426263,2.20833333333333,0.008749996932844,37.2687425613403,307.916666666667,79.9479166666667,6.34166661898295,958.9509
07/03/2016,1.02187476803859,2.89583333333333,0,49.4296747843424,408.75,76.2291666666667,3.07499980926514,914.0749
08/03/2016,2.73020776112874,1.79166666666667,0.009583330014721,24.6208273569743,184.583333333333,86.90625,6.82916657129924,904.5627
09/03/2016,3.91666527589162,2.67708333333333,0.079687476856634,37.0604090690613,99.1666666666667,93.90625,7.35416666666667,911.0571
10/03/2016,4.49270701408386,1.46875,0.05114581513529,20.2838490009308,137.083333333333,94.1979166666667,7.35208328564962,892.8304
11/03/2016,6.18749849001567,1.36458333333333,0.000104166644936,13.9885385831197,357.916666666667,78.8958333333333,5.26666657129924,817.4335
12/03/2016,7.9583310286204,1.57291666666667,0.007083330846702,14.6927043596903,356.666666666667,82.65625,6.08333333333333,781.2839
13/03/2016,8.16041437784831,1.33333333333333,0,12.6041637261709,394.583333333333,85.9375,6.49791630109151,750.4832
14/03/2016,4.70520718892415,1.91666666666667,0,22.856765906016,553.333333333333,85.3020833333333,5.17291621367137,744.6582
15/03/2016,4.27812364697456,3.51041666666667,0.036249987004946,45.6255124409994,166.666666666667,99.5833333333333,7.26458295186361,792.6208
16/03/2016,4.4947905143102,3.11458333333333,0.017499993788078,41.2015528678894,279.583333333333,97.78125,7.82499972979228,821.8305
17/03/2016,4.38229044278463,1.47916666666667,0,19.03489057223,318.75,91.2604166666667,7.15416622161865,797.6415
18/03/2016,4.56770714124044,2.83333333333333,0.008749996932844,37.2176987330119,223.75,90.6354166666667,7.86458309491475,813.056
19/03/2016,4.97499879201253,2.1875,0,28.3046816190084,182.083333333333,82.7604166666667,7.8666664759318,855.3894
20/03/2016,6.40208125114441,3.21875,0.001666666318973,37.5635328292847,499.583333333333,80.2291666666667,6.43541622161865,824.8462
21/03/2016,6.70312368869782,4.80208333333333,0,52.5453052520752,518.75,81.3958333333333,5.11458289623261,743.3228
22/03/2016,6.53749839464823,3.05208333333333,0,34.2692632675171,414.583333333333,86.1875,6.78958304723104,747.7043
23/03/2016,5.91458165645599,2.09375,0,24.5843679110209,179.583333333333,79.9479166666667,7.52916622161865,769.9392
24/03/2016,7.03228942553202,3.05208333333333,0.006249997687216,31.5416603088379,248.333333333333,82.3020833333333,7.26458303133647,766.5348
25/03/2016,7.55416417121887,4.17708333333333,0,44.0161380767822,660.833333333333,73.25,3.97916658719381,725.3638
26/03/2016,7.92083136240641,4.75,0.069166641837607,47.4682207107544,193.333333333333,78.6979166666667,6.51666657129924,738.9856
27/03/2016,5.98586783201798,4.1195652173913,0.029891293981801,49.7641203507133,508.260869565217,77.1413043478261,4.44130416538404,825.2117
28/03/2016,5.2124985853831,4.72916666666667,0.011249996256083,56.4036327997843,400,81.8645833333333,5.40833330154419,846.2725
29/03/2016,5.00833209355672,2.625,0.081249978470927,33.6807235081991,423.333333333333,81.3125,5.25208330154419,758.1986
30/03/2016,3.85833185166121,2.89583333333333,0.013333328611528,36.1057229042053,458.333333333333,84.625,5.07708311080933,751.7241
31/03/2016,4.804165419812,1.75,0,23.0333256721497,537.916666666667,78.1354166666667,4.28958320617676,722.4991